newid,pid,grp,classe,storia,mod,sex,age,score,n,dur,hz,good,pct_caption,pct_word,pct_image,pct_band,pct_face,pct_mouth,pct_eyes,pct_none,pct_face_only,pct_nose
IT01,F7,IT,5,anguille,images,M,11,80,1254,125.4,10.0,True,62.0,7.2,0.9,54.0,4.6,2.2,0.0,33.3,2.2,0.2
IT01,F7,IT,5,orso,text,M,11,64.3,1666,167.2,10.0,True,79.7,68.4,0.0,11.3,9.2,2.1,0.0,11.2,7.1,0.0
IT02,F8,IT,4,delfino,images,F,9,78.6,1496,149.3,10.0,True,87.6,47.9,19.9,19.8,10.6,5.8,1.5,1.7,2.6,0.7
IT02,F8,IT,4,panda,text,F,9,92.9,1195,120.4,9.9,True,8.9,2.3,0.0,6.5,1.5,0.2,0.0,89.6,1.3,0.0
IT03,F9,IT,4,delfino,images,F,9,14.3,1386,149.3,9.3,True,71.9,34.9,10.5,26.4,22.8,0.4,0.9,5.3,21.4,0.0
IT03,F9,IT,4,panda,text,F,9,14.3,1174,120.4,9.7,True,88.1,71.4,0.0,16.7,9.2,3.6,0.9,2.7,3.3,1.4
IT04,F11,IT,1,tappeto,text,M,7,100,18,8.9,2.0,False,100.0,38.9,0.0,61.1,0.0,0.0,0.0,0.0,0.0,0.0
IT04,F11,IT,1,volpe e boscaiolo,images,M,7,90,753,75.0,10.0,True,91.5,44.9,15.3,31.3,7.2,1.1,0.0,1.3,6.1,0.0
IT05,F13,IT,2,tappeto,text,F,7,90,680,67.3,10.1,True,48.7,36.5,0.0,12.2,26.5,0.0,3.5,24.9,22.8,0.1
IT05,F13,IT,2,volpe e boscaiolo,images,F,7,90,752,75.0,10.0,True,44.9,6.1,1.3,37.5,0.3,0.0,0.0,54.8,0.3,0.0
IT06,F14,IT,3,gatta,images,F,9,83.3,1196,118.8,10.1,True,90.3,41.2,41.2,7.9,9.2,5.6,0.3,0.5,2.6,0.7
IT06,F14,IT,3,sbadiglio,text,F,9,60,1014,101.4,10.0,True,82.9,72.9,0.0,10.1,14.6,10.5,1.3,2.5,1.6,1.3
IT07,F15,IT,4,delfino,images,F,9,78.6,1430,149.3,9.6,True,43.6,2.1,0.6,40.9,0.2,0.0,0.0,56.2,0.2,0.0
IT07,F15,IT,4,panda,text,F,9,42.9,651,120.0,5.4,True,77.4,63.6,0.0,13.8,20.3,13.4,0.0,2.3,6.9,0.0
IT08,F16,IT,4,delfino,images,M,9,64.3,1173,117.1,10.0,True,86.0,40.2,32.1,13.7,9.0,3.2,4.3,4.9,1.4,0.3
IT08,F16,IT,4,panda,text,M,9,64.3,1037,106.7,9.7,True,76.1,66.2,0.0,9.8,6.4,1.6,3.6,17.6,0.7,0.5
IT09,F17,IT,2,tappeto,text,M,8,90,637,67.3,9.5,True,0.0,0.0,0.0,0.0,61.1,2.7,12.1,38.9,44.7,1.6
IT09,F17,IT,2,volpe e boscaiolo,images,M,8,50,733,75.0,9.8,True,55.4,34.9,12.6,7.9,31.1,12.3,7.4,13.5,7.2,4.2
IT10,F18,IT,1,tappeto,text,F,9,100,674,67.1,10.0,True,22.0,19.3,0.0,2.7,72.0,20.8,15.0,6.1,31.8,4.5
IT10,F18,IT,1,volpe e boscaiolo,images,F,9,80,738,75.0,9.8,True,42.0,14.4,19.5,8.1,55.3,34.4,4.2,2.7,12.2,4.5
IT11,F20,IT,2,tappeto,text,F,7,80,647,67.3,9.6,True,61.5,44.4,0.0,17.2,34.0,20.2,6.2,4.5,2.8,4.8
IT11,F20,IT,2,volpe e boscaiolo,images,F,7,100,724,75.0,9.7,True,85.6,44.2,25.6,15.9,13.4,2.5,3.5,1.0,2.3,5.1
IT12,F21,IT,1,tappeto,text,F,6,40,501,67.3,7.4,True,41.7,34.7,0.0,7.0,28.3,8.6,11.2,29.9,7.4,1.2
IT12,F21,IT,1,volpe e boscaiolo,images,F,6,50,678,75.0,9.0,True,100.0,45.1,18.1,36.7,0.0,0.0,0.0,0.0,0.0,0.0
IT13,F22,IT,5,anguille,images,M,10,90,1250,125.4,10.0,True,80.5,43.5,31.4,5.6,15.6,6.2,1.5,3.9,5.6,2.2
IT13,F22,IT,5,orso,text,M,10,50,1674,167.2,10.0,True,59.9,50.7,0.0,9.2,18.5,7.7,0.7,21.7,8.2,1.9
IT14,F23,IT,1,tappeto,text,M,7,100,675,67.3,10.0,True,78.1,56.1,0.0,21.9,20.4,10.7,1.9,1.5,7.0,0.9
IT14,F23,IT,1,volpe e boscaiolo,images,M,7,80,119,50.5,2.4,False,71.4,17.6,49.6,4.2,28.6,0.8,21.0,0.0,6.7,0.0
IT15,F24,IT,1,tappeto,text,M,6,90,665,67.3,9.9,True,34.4,21.2,0.0,13.2,54.3,15.3,24.1,11.3,8.4,6.5
IT15,F24,IT,1,volpe e boscaiolo,images,M,6,40,753,75.0,10.0,True,76.6,18.9,46.2,11.6,22.7,7.6,8.0,0.7,4.5,2.7
IT16,F26,IT,1,tappeto,text,M,7,70,576,67.3,8.6,True,41.1,27.8,0.0,13.4,29.9,0.2,0.0,29.0,29.7,0.0
IT16,F26,IT,1,volpe e boscaiolo,images,M,7,100,752,75.0,10.0,True,79.0,27.0,45.9,6.1,18.4,4.0,8.8,2.7,3.1,2.5
IT17,F31,IT,1,tappeto,text,F,6,100,670,67.3,10.0,True,19.9,17.3,0.0,2.5,0.6,0.0,0.0,79.6,0.6,0.0
IT17,F31,IT,1,volpe e boscaiolo,images,F,6,80,738,75.0,9.8,True,82.2,41.6,34.0,6.6,16.5,9.8,2.8,1.2,3.4,0.5
IT18,F32,IT,1,tappeto,text,M,6,90,256,67.3,3.8,False,38.3,24.6,0.0,13.7,28.5,3.1,9.4,33.2,14.1,2.0
IT18,F32,IT,1,volpe e boscaiolo,images,M,6,60,627,75.0,8.4,True,78.9,22.3,43.5,13.1,14.8,3.0,4.6,6.2,6.4,0.8
IT19,F33,IT,1,tappeto,text,M,7,60,137,23.3,5.9,False,16.1,8.0,0.0,8.0,49.6,13.1,10.9,34.3,18.2,7.3
IT19,F33,IT,1,volpe e boscaiolo,images,M,7,90,740,75.0,9.9,True,11.8,2.2,1.9,7.7,17.2,8.8,2.2,71.1,5.8,0.4
IT20,F40,IT,1,tappeto,text,M,6,100,496,67.3,7.4,True,0.0,0.0,0.0,0.0,0.0,0.0,0.0,100.0,0.0,0.0
IT20,F40,IT,1,volpe e boscaiolo,images,M,6,40,642,75.0,8.6,True,48.0,19.9,14.6,13.4,19.9,0.6,1.4,32.1,17.9,0.0
IT21,F41,IT,1,tappeto,text,M,7,80,676,67.3,10.0,True,93.6,81.2,0.0,12.4,6.2,0.0,0.0,0.1,6.2,0.0
IT21,F41,IT,1,volpe e boscaiolo,images,M,7,60,751,75.0,10.0,True,83.2,53.1,17.3,12.8,12.8,0.0,0.0,4.0,12.8,0.0
TI01,B1,TI,2,tappeto,images,M,7,70,675,67.2,10.0,True,89.8,23.1,58.4,8.3,10.1,4.1,1.3,0.1,3.0,1.6
TI01,B1,TI,2,volpe e boscaiolo,text,M,7,80,752,75.0,10.0,True,62.1,47.2,0.0,14.9,36.0,22.3,1.5,1.9,6.5,5.7
TI02,B2,TI,2,tappeto,images,M,8,90,673,67.2,10.0,True,89.9,31.1,49.8,9.1,8.9,1.3,4.9,1.2,1.6,1.0
TI02,B2,TI,2,volpe e boscaiolo,text,M,8,100,753,75.0,10.0,True,64.3,51.3,0.0,13.0,24.6,2.5,10.9,11.2,9.0,2.1
TI03,B3,TI,5,anguille,text,M,11,80,1256,125.3,10.0,True,80.0,60.6,0.0,19.4,18.0,10.5,2.6,2.0,4.6,0.2
TI03,B3,TI,5,orso,images,M,11,57.1,1670,167.2,10.0,True,91.2,62.1,13.8,15.3,7.3,4.6,1.3,1.5,0.8,0.6
TI04,B4,TI,2,tappeto,images,M,7,100,673,67.2,10.0,True,67.8,36.7,18.3,12.8,15.2,0.9,3.6,17.1,10.3,0.4
TI04,B4,TI,2,volpe e boscaiolo,text,M,7,100,751,75.0,10.0,True,49.4,41.8,0.0,7.6,45.8,0.5,1.7,4.8,43.4,0.1
TI05,B5,TI,2,tappeto,images,F,7,70,195,50.8,3.8,False,67.7,13.8,47.2,6.7,32.3,9.2,4.6,0.0,9.2,9.2
TI05,B5,TI,2,volpe e boscaiolo,text,F,7,70,130,61.4,2.1,False,36.9,29.2,0.0,7.7,53.8,31.5,8.5,9.2,11.5,2.3
TI06,B6,TI,2,tappeto,images,F,7,100,675,67.2,10.0,True,91.0,42.7,18.2,30.1,5.9,0.0,0.1,3.1,5.8,0.0
TI06,B6,TI,2,volpe e boscaiolo,text,F,7,80,751,75.0,10.0,True,73.1,58.6,0.0,14.5,23.3,16.8,1.2,3.6,2.8,2.5
TI07,B7,TI,2,tappeto,images,M,7,90,261,67.1,3.9,False,82.4,28.7,18.0,35.6,8.4,3.8,2.3,9.2,2.3,0.0
TI07,B7,TI,2,volpe e boscaiolo,text,M,7,80,398,67.1,5.9,True,72.4,26.9,0.0,45.5,20.1,8.5,5.8,7.5,2.8,3.0
TI08,B8,TI,1,tappeto,images,M,8,80,538,67.2,8.0,True,0.0,0.0,0.0,0.0,22.1,0.9,0.0,77.9,21.2,0.0
TI08,B8,TI,1,volpe e boscaiolo,text,M,8,70,708,75.0,9.4,True,0.0,0.0,0.0,0.0,21.6,0.0,0.0,78.4,21.6,0.0
TI09,B9,TI,1,tappeto,images,F,7,60,675,67.2,10.0,True,80.0,30.2,38.7,11.1,18.2,4.4,5.5,1.8,3.3,5.0
TI09,B9,TI,1,volpe e boscaiolo,text,F,7,50,753,75.0,10.0,True,17.3,13.7,0.0,3.6,75.8,20.1,42.6,6.9,9.8,3.3
TI10,B10,TI,4,delfino,text,M,10,64.3,1491,149.4,10.0,True,83.6,70.1,0.0,13.5,10.9,6.1,1.8,5.5,2.4,0.6
TI10,B10,TI,4,panda,images,M,10,57.1,957,115.6,8.3,True,83.4,35.6,22.0,25.7,12.9,7.4,0.1,3.8,5.2,0.1
TI11,B11,TI,1,tappeto,images,M,7,90,666,67.2,9.9,True,83.2,50.8,15.8,16.7,9.6,2.7,2.9,7.2,3.6,0.5
TI11,B11,TI,1,volpe e boscaiolo,text,M,7,90,753,75.0,10.0,True,62.7,58.8,0.0,3.9,29.7,1.2,0.3,7.6,28.3,0.0
TI12,B12,TI,4,delfino,text,F,9,57.1,1496,149.3,10.0,True,88.3,55.6,0.0,32.7,7.8,3.9,2.9,3.9,0.8,0.2
TI12,B12,TI,4,panda,images,F,9,64.3,1207,120.4,10.0,True,2.4,0.1,0.1,2.2,2.2,1.4,0.0,95.4,0.8,0.0
TI13,B13,TI,4,delfino,text,F,10,50,1494,149.3,10.0,True,88.8,73.9,0.0,14.9,7.9,3.4,3.1,3.3,0.6,0.8
TI13,B13,TI,4,panda,images,F,10,42.9,1124,120.5,9.3,True,92.3,41.3,31.9,19.1,5.5,2.2,1.6,2.2,1.5,0.2
TI14,B14,TI,5,anguille,text,M,11,70,1256,125.4,10.0,True,87.1,74.0,0.0,13.1,10.1,3.4,4.5,2.8,1.4,0.8
TI14,B14,TI,5,orso,images,M,11,35.7,1670,167.3,10.0,True,91.3,46.8,17.7,26.8,7.1,2.0,2.9,1.6,1.5,0.7
TI15,B15,TI,2,tappeto,images,M,8,70,674,67.2,10.0,True,66.8,28.3,19.1,19.3,27.4,0.0,0.0,5.8,27.4,0.0
TI15,B15,TI,2,volpe e boscaiolo,text,M,8,50,704,75.0,9.4,True,19.3,12.6,0.0,6.7,66.9,32.1,14.1,13.8,12.6,8.1
TI16,B16,TI,3,gatta,text,F,9,83.3,744,75.0,9.9,True,84.8,68.7,0.0,16.1,13.6,7.7,3.4,1.6,1.9,0.7
TI16,B16,TI,3,sbadiglio,images,F,9,50,88,8.7,10.1,False,53.4,15.9,18.2,19.3,45.5,19.3,14.8,1.1,8.0,3.4
TI17,B17,TI,3,gatta,text,F,9,41.7,1191,118.8,10.0,True,71.1,55.9,0.0,15.2,24.2,9.4,7.8,4.7,5.5,1.5
TI17,B17,TI,3,sbadiglio,images,F,9,70,1007,101.4,9.9,True,58.6,29.1,10.3,19.2,18.6,12.5,0.7,22.8,4.4,1.0
TI18,B18,TI,3,gatta,text,F,8,58.3,1189,118.8,10.0,True,45.1,37.9,0.0,7.1,38.1,15.1,13.5,16.8,8.9,0.6
TI18,B18,TI,3,sbadiglio,images,F,8,60,973,101.4,9.6,True,79.3,32.1,30.1,17.2,12.3,7.5,0.1,8.3,3.9,0.8
TI19,B20,TI,1,tappeto,images,F,6,90,668,67.2,9.9,True,82.2,18.1,49.6,14.5,16.0,0.6,9.6,1.8,4.6,1.2
TI19,B20,TI,1,volpe e boscaiolo,text,F,6,40,752,75.0,10.0,True,58.0,43.9,0.0,14.1,38.2,4.3,25.7,3.9,2.5,5.7
TI20,B21,TI,1,tappeto,images,F,6,30,385,58.9,6.5,True,45.5,9.1,30.4,6.0,39.5,23.4,6.0,15.1,7.8,2.3
TI20,B21,TI,1,volpe e boscaiolo,text,F,6,10,485,69.1,7.0,True,10.1,9.1,0.0,1.0,56.9,2.5,3.9,33.0,50.3,0.2
TI21,B22,TI,1,tappeto,images,F,6,40,675,67.2,10.0,True,67.9,11.1,3.3,53.5,25.6,0.7,0.0,6.5,24.9,0.0
TI21,B22,TI,1,volpe e boscaiolo,text,F,6,0,746,75.0,9.9,True,13.7,9.5,0.0,4.2,1.9,0.1,0.1,84.5,1.6,0.0
TI22,B23,TI,1,tappeto,images,F,7,100,1,67.2,0.0,False,0.0,0.0,0.0,0.0,0.0,0.0,0.0,100.0,0.0,0.0
TI22,B23,TI,1,volpe e boscaiolo,text,F,7,70,753,75.0,10.0,True,0.0,0.0,0.0,0.0,43.8,1.2,0.0,56.2,42.6,0.0
TI23,B24,TI,1,tappeto,images,M,7,90,674,67.2,10.0,True,87.1,34.7,36.9,15.4,9.3,1.6,2.5,3.6,4.7,0.4
TI23,B24,TI,1,volpe e boscaiolo,text,M,7,100,731,75.0,9.7,True,69.4,40.4,0.0,29.0,21.6,4.0,9.7,9.0,7.0,1.0
TI24,B25,TI,1,tappeto,images,M,7,30,610,67.2,9.1,True,55.6,14.4,6.9,34.3,31.0,0.0,0.0,13.4,31.0,0.0
TI24,B25,TI,1,volpe e boscaiolo,text,M,7,30,504,75.0,6.7,True,24.2,16.9,0.0,7.3,29.8,5.6,9.7,46.0,11.9,2.6
TI25,B26,TI,1,tappeto,images,F,7,80,588,67.2,8.7,True,73.3,31.5,28.7,13.1,19.9,7.7,3.6,6.8,8.3,0.3
TI25,B26,TI,1,volpe e boscaiolo,text,F,7,60,734,75.0,9.8,True,33.2,25.5,0.0,7.8,40.1,18.3,11.0,26.7,7.4,3.4
TI26,B27,TI,1,tappeto,images,F,6,90,675,67.2,10.0,True,73.0,39.3,12.3,21.5,20.9,0.3,0.3,6.1,20.1,0.1
TI26,B27,TI,1,volpe e boscaiolo,text,F,6,90,752,75.0,10.0,True,36.0,30.9,0.0,5.2,61.3,16.5,19.8,2.7,12.4,12.6
TI27,F12,TI,3,gatta,text,M,8,66.7,1181,118.8,9.9,True,67.2,46.1,0.0,21.2,29.7,12.8,9.1,3.0,5.2,2.7
TI27,F12,TI,3,sbadiglio,images,M,8,60,888,101.4,8.8,True,0.0,0.0,0.0,0.0,0.0,0.0,0.0,100.0,0.0,0.0
