newid,pid,grp,sex,age,classe,storia,mod,q,correct,blank,indiretta,t0,t1,n_win,incluso,rec_good,n_anchor,pct_anchor,pct_caption,pct_word,pct_image,pct_face,pct_none,any_anchor
IT01,F7,IT,M,11,5,anguille,images,1,1,0,0,14.24,25.66,114,1,1,0,0.0,77.2,0.9,0.9,0.0,22.8,0
IT01,F7,IT,M,11,5,anguille,images,2,0,0,0,45.1,53.26,81,1,1,6,7.4,84.0,7.4,0.0,0.0,16.0,1
IT01,F7,IT,M,11,5,anguille,images,3,1,0,0,51.87,59.1,72,1,1,0,0.0,55.6,9.7,0.0,6.9,37.5,0
IT01,F7,IT,M,11,5,anguille,images,4,1,0,0,57.38,64.94,75,1,1,2,2.7,54.7,1.3,4.0,17.3,28.0,1
IT01,F7,IT,M,11,5,anguille,images,5,1,0,0,72.61,82.97,104,1,1,54,51.9,88.5,51.0,1.0,0.0,11.5,1
IT01,F7,IT,M,11,5,anguille,images,6,1,0,0,87.66,93.7,61,1,1,0,0.0,62.3,0.0,0.0,0.0,37.7,0
IT01,F7,IT,M,11,5,anguille,images,7,1,0,0,98.71,105.09,64,1,1,11,17.2,81.2,17.2,0.0,0.0,18.8,1
IT01,F7,IT,M,11,5,anguille,images,8,0,0,0,75.17,81.0,58,1,1,19,32.8,86.2,46.6,1.7,0.0,13.8,1
IT01,F7,IT,M,11,5,anguille,images,9,1,0,0,52.95,60.87,80,1,1,2,2.5,42.5,3.8,1.2,16.2,41.2,1
IT01,F7,IT,M,11,5,anguille,images,10,1,0,0,57.38,64.94,75,1,1,2,2.7,54.7,1.3,4.0,17.3,28.0,1
IT01,F7,IT,M,11,5,orso,text,1,1,0,0,15.26,30.72,154,1,1,94,61.0,98.1,89.6,0.0,1.3,0.6,1
IT01,F7,IT,M,11,5,orso,text,2,1,0,0,33.24,47.45,142,1,1,96,67.6,95.8,89.4,0.0,4.2,0.0,1
IT01,F7,IT,M,11,5,orso,text,3,1,0,0,43.02,59.06,161,1,1,43,26.7,73.9,70.2,0.0,19.3,6.8,1
IT01,F7,IT,M,11,5,orso,text,4,1,0,0,45.83,59.06,132,1,1,24,18.2,68.2,65.9,0.0,23.5,8.3,1
IT01,F7,IT,M,11,5,orso,text,5,1,0,0,59.7,69.99,103,1,1,15,14.6,36.9,35.9,0.0,37.9,25.2,1
IT01,F7,IT,M,11,5,orso,text,6,1,0,0,73.93,81.87,80,1,1,45,56.2,100.0,72.5,0.0,0.0,0.0,1
IT01,F7,IT,M,11,5,orso,text,7,1,0,0,83.14,89.82,66,1,1,15,22.7,93.9,45.5,0.0,6.1,0.0,1
IT01,F7,IT,M,11,5,orso,text,8,1,0,0,88.99,96.83,79,1,1,42,53.2,100.0,53.2,0.0,0.0,0.0,1
IT01,F7,IT,M,11,5,orso,text,9,0,0,0,105.73,115.94,103,1,1,78,75.7,100.0,93.2,0.0,0.0,0.0,1
IT01,F7,IT,M,11,5,orso,text,10,0,0,0,117.25,131.91,146,1,1,73,50.0,79.5,72.6,0.0,9.6,11.0,1
IT01,F7,IT,M,11,5,orso,text,11,1,0,0,131.97,144.79,128,1,1,70,54.7,75.0,68.8,0.0,15.6,9.4,1
IT01,F7,IT,M,11,5,orso,text,12,0,0,1,138.4,148.68,103,1,1,67,65.0,90.3,83.5,0.0,6.8,2.9,1
IT01,F7,IT,M,11,5,orso,text,13,0,0,0,131.97,141.85,99,1,1,43,43.4,71.7,65.7,0.0,17.2,11.1,1
IT01,F7,IT,M,11,5,orso,text,14,1,0,0,152.39,164.99,126,1,1,49,38.9,45.2,42.1,0.0,11.1,43.7,1
IT02,F8,IT,F,9,4,delfino,images,1,0,0,0,4.68,9.69,50,1,1,27,54.0,86.0,24.0,54.0,14.0,0.0,1
IT02,F8,IT,F,9,4,delfino,images,2,1,0,0,29.66,38.75,91,1,1,56,61.5,100.0,69.2,16.5,0.0,0.0,1
IT02,F8,IT,F,9,4,delfino,images,3,1,0,0,24.49,33.5,90,1,1,60,66.7,100.0,60.0,21.1,0.0,0.0,1
IT02,F8,IT,F,9,4,delfino,images,4,1,0,0,39.07,46.82,77,1,1,21,27.3,85.7,49.4,15.6,14.3,0.0,1
IT02,F8,IT,F,9,4,delfino,images,5,1,0,0,53.39,58.64,52,1,1,27,51.9,100.0,80.8,3.8,0.0,0.0,1
IT02,F8,IT,F,9,4,delfino,images,6,0,0,0,60.14,68.15,81,1,1,55,67.9,90.1,80.2,0.0,6.2,3.7,1
IT02,F8,IT,F,9,4,delfino,images,7,0,0,0,50.05,60.74,106,1,1,73,68.9,92.5,65.1,11.3,6.6,0.9,1
IT02,F8,IT,F,9,4,delfino,images,8,1,0,0,73.98,77.82,38,1,1,20,52.6,100.0,39.5,44.7,0.0,0.0,1
IT02,F8,IT,F,9,4,delfino,images,9,1,0,0,77.52,94.59,171,1,1,94,55.0,93.0,48.5,19.9,4.7,2.3,1
IT02,F8,IT,F,9,4,delfino,images,10,1,0,0,102.18,107.86,57,1,1,25,43.9,100.0,38.6,22.8,0.0,0.0,1
IT02,F8,IT,F,9,4,delfino,images,11,1,0,0,124.37,131.99,76,1,1,23,30.3,63.2,11.8,27.6,31.6,5.3,1
IT02,F8,IT,F,9,4,delfino,images,12,1,0,0,135.43,140.76,54,1,1,12,22.2,79.6,59.3,5.6,18.5,1.9,1
IT02,F8,IT,F,9,4,delfino,images,13,1,0,1,15.86,22.31,64,1,1,37,57.8,100.0,60.9,31.2,0.0,0.0,1
IT02,F8,IT,F,9,4,panda,text,1,1,0,0,5.34,12.95,75,1,1,0,0.0,2.7,0.0,0.0,6.7,90.7,0
IT02,F8,IT,F,9,4,panda,text,2,0,0,0,25.17,33.66,85,1,1,4,4.7,9.4,5.9,0.0,5.9,84.7,1
IT02,F8,IT,F,9,4,panda,text,3,1,0,0,42.61,52.94,94,1,1,0,0.0,0.0,0.0,0.0,1.1,98.9,0
IT02,F8,IT,F,9,4,panda,text,4,1,0,0,52.04,59.78,78,1,1,0,0.0,0.0,0.0,0.0,0.0,100.0,0
IT02,F8,IT,F,9,4,panda,text,5,1,0,0,53.79,62.63,88,1,1,0,0.0,0.0,0.0,0.0,0.0,100.0,0
IT02,F8,IT,F,9,4,panda,text,6,1,0,0,32.24,38.77,65,1,1,0,0.0,1.5,1.5,0.0,0.0,98.5,0
IT02,F8,IT,F,9,4,panda,text,7,1,0,0,64.78,74.12,93,1,1,1,1.1,4.3,1.1,0.0,0.0,95.7,1
IT02,F8,IT,F,9,4,panda,text,8,1,0,0,73.28,79.9,66,1,1,1,1.5,16.7,4.5,0.0,0.0,83.3,1
IT02,F8,IT,F,9,4,panda,text,9,1,0,0,84.54,91.09,66,1,1,2,3.0,9.1,3.0,0.0,3.0,87.9,1
IT02,F8,IT,F,9,4,panda,text,10,1,0,0,77.81,85.96,81,1,1,0,0.0,0.0,0.0,0.0,0.0,100.0,0
IT02,F8,IT,F,9,4,panda,text,11,1,0,0,11.61,21.35,97,1,1,2,2.1,9.3,3.1,0.0,0.0,90.7,1
IT02,F8,IT,F,9,4,panda,text,12,1,0,0,96.05,104.1,81,1,1,2,2.5,3.7,2.5,0.0,0.0,96.3,1
IT03,F9,IT,F,9,4,delfino,images,1,0,0,0,4.68,9.69,50,1,1,27,54.0,94.0,28.0,28.0,4.0,2.0,1
IT03,F9,IT,F,9,4,delfino,images,2,0,0,0,29.66,38.75,90,1,1,47,52.2,88.9,44.4,20.0,11.1,0.0,1
IT03,F9,IT,F,9,4,delfino,images,3,0,0,0,24.49,33.5,90,1,1,45,50.0,92.2,44.4,16.7,7.8,0.0,1
IT03,F9,IT,F,9,4,delfino,images,4,0,0,0,39.07,46.82,77,1,1,21,27.3,92.2,33.8,3.9,0.0,7.8,1
IT03,F9,IT,F,9,4,delfino,images,5,1,0,0,53.39,58.64,52,1,1,19,36.5,75.0,44.2,7.7,13.5,11.5,1
IT03,F9,IT,F,9,4,delfino,images,6,1,0,0,60.14,68.15,80,1,1,36,45.0,77.5,52.5,7.5,20.0,2.5,1
IT03,F9,IT,F,9,4,delfino,images,7,0,1,0,50.05,60.74,107,1,1,45,42.1,74.8,33.6,12.1,19.6,5.6,1
IT03,F9,IT,F,9,4,delfino,images,8,0,1,0,73.98,77.82,38,1,1,0,0.0,100.0,21.1,5.3,0.0,0.0,0
IT03,F9,IT,F,9,4,delfino,images,9,0,1,0,77.52,94.59,171,1,1,24,14.0,27.5,15.2,2.3,53.8,18.7,1
IT03,F9,IT,F,9,4,delfino,images,10,0,1,0,102.18,107.86,57,1,1,13,22.8,31.6,21.1,1.8,52.6,15.8,1
IT03,F9,IT,F,9,4,delfino,images,11,0,1,0,124.37,131.99,67,1,1,28,41.8,98.5,22.4,29.9,0.0,1.5,1
IT03,F9,IT,F,9,4,delfino,images,12,0,1,0,135.43,140.76,54,1,1,11,20.4,100.0,50.0,13.0,0.0,0.0,1
IT03,F9,IT,F,9,4,delfino,images,13,0,1,1,15.86,22.31,65,1,1,21,32.3,78.5,61.5,4.6,16.9,4.6,1
IT03,F9,IT,F,9,4,panda,text,1,0,0,0,5.34,12.95,77,1,1,47,61.0,96.1,81.8,0.0,3.9,0.0,1
IT03,F9,IT,F,9,4,panda,text,2,1,0,0,25.17,33.66,85,1,1,57,67.1,87.1,83.5,0.0,12.9,0.0,1
IT03,F9,IT,F,9,4,panda,text,3,1,0,0,42.61,52.94,103,1,1,74,71.8,100.0,81.6,0.0,0.0,0.0,1
IT03,F9,IT,F,9,4,panda,text,4,0,0,0,52.04,59.78,78,1,1,53,67.9,100.0,83.3,0.0,0.0,0.0,1
IT03,F9,IT,F,9,4,panda,text,5,0,0,0,53.79,62.63,88,1,1,55,62.5,95.5,76.1,0.0,4.5,0.0,1
IT03,F9,IT,F,9,4,panda,text,6,0,0,0,32.24,38.77,66,1,1,43,65.2,100.0,93.9,0.0,0.0,0.0,1
IT03,F9,IT,F,9,4,panda,text,7,0,1,0,64.78,74.12,93,1,1,49,52.7,91.4,75.3,0.0,5.4,3.2,1
IT03,F9,IT,F,9,4,panda,text,8,0,1,0,73.28,79.9,66,1,1,33,50.0,100.0,83.3,0.0,0.0,0.0,1
IT03,F9,IT,F,9,4,panda,text,9,0,1,0,84.54,91.09,55,1,1,31,56.4,98.2,74.5,0.0,0.0,1.8,1
IT03,F9,IT,F,9,4,panda,text,10,0,1,0,77.81,85.96,76,1,1,37,48.7,100.0,71.1,0.0,0.0,0.0,1
IT03,F9,IT,F,9,4,panda,text,11,0,1,0,11.61,21.35,98,1,1,68,69.4,100.0,82.7,0.0,0.0,0.0,1
IT03,F9,IT,F,9,4,panda,text,12,0,1,0,96.05,104.1,80,1,1,32,40.0,100.0,95.0,0.0,0.0,0.0,1
IT04,F11,IT,M,7,1,tappeto,text,1,1,0,0,13.39,20.22,0,0,0,0,,,,,,,0
IT04,F11,IT,M,7,1,tappeto,text,2,1,0,0,9.38,13.18,0,0,0,0,,,,,,,0
IT04,F11,IT,M,7,1,tappeto,text,3,1,0,0,21.96,34.05,0,0,0,0,,,,,,,0
IT04,F11,IT,M,7,1,tappeto,text,4,1,0,1,42.38,48.49,0,0,0,0,,,,,,,0
IT04,F11,IT,M,7,1,tappeto,text,5,1,0,0,24.75,30.93,0,0,0,0,,,,,,,0
IT04,F11,IT,M,7,1,tappeto,text,6,1,0,0,33.18,41.69,0,0,0,0,,,,,,,0
IT04,F11,IT,M,7,1,tappeto,text,7,1,0,0,44.79,50.77,0,0,0,0,,,,,,,0
IT04,F11,IT,M,7,1,tappeto,text,8,1,0,0,49.35,53.8,0,0,0,0,,,,,,,0
IT04,F11,IT,M,7,1,tappeto,text,9,1,0,0,53.01,56.69,0,0,0,0,,,,,,,0
IT04,F11,IT,M,7,1,tappeto,text,10,1,0,0,62.23,66.61,0,0,0,0,,,,,,,0
IT04,F11,IT,M,7,1,volpe e boscaiolo,images,1,1,0,0,11.46,17.37,59,1,1,30,50.8,100.0,42.4,27.1,0.0,0.0,1
IT04,F11,IT,M,7,1,volpe e boscaiolo,images,2,1,0,0,20.8,28.52,77,1,1,41,53.2,100.0,64.9,14.3,0.0,0.0,1
IT04,F11,IT,M,7,1,volpe e boscaiolo,images,3,1,0,0,8.62,13.32,47,1,1,16,34.0,100.0,40.4,21.3,0.0,0.0,1
IT04,F11,IT,M,7,1,volpe e boscaiolo,images,4,1,0,0,8.62,17.37,88,1,1,47,53.4,100.0,45.5,22.7,0.0,0.0,1
IT04,F11,IT,M,7,1,volpe e boscaiolo,images,5,1,0,0,15.46,22.32,68,1,1,11,16.2,100.0,19.1,19.1,0.0,0.0,1
IT04,F11,IT,M,7,1,volpe e boscaiolo,images,6,1,0,0,34.76,45.51,107,1,1,47,43.9,97.2,57.9,15.0,1.9,0.9,1
IT04,F11,IT,M,7,1,volpe e boscaiolo,images,7,0,0,0,43.62,53.7,101,1,1,52,51.5,99.0,45.5,20.8,0.0,1.0,1
IT04,F11,IT,M,7,1,volpe e boscaiolo,images,8,1,0,0,54.79,68.57,138,1,1,67,48.6,95.7,47.1,8.0,2.2,2.2,1
IT04,F11,IT,M,7,1,volpe e boscaiolo,images,10,1,0,0,58.66,66.54,78,1,1,37,47.4,92.3,51.3,5.1,3.8,3.8,1
IT05,F13,IT,F,7,2,tappeto,text,1,1,0,0,13.39,20.22,68,1,1,8,11.8,69.1,54.4,0.0,8.8,22.1,1
IT05,F13,IT,F,7,2,tappeto,text,2,1,0,0,9.38,13.18,38,1,1,0,0.0,81.6,71.1,0.0,2.6,15.8,0
IT05,F13,IT,F,7,2,tappeto,text,3,1,0,0,21.96,34.05,121,1,1,34,28.1,73.6,62.0,0.0,14.0,12.4,1
IT05,F13,IT,F,7,2,tappeto,text,4,1,0,1,42.38,48.49,61,1,1,0,0.0,1.6,0.0,0.0,63.9,34.4,0
IT05,F13,IT,F,7,2,tappeto,text,5,1,0,0,24.75,30.93,62,1,1,14,22.6,74.2,56.5,0.0,9.7,16.1,1
IT05,F13,IT,F,7,2,tappeto,text,6,0,0,0,33.18,41.69,85,1,1,2,2.4,49.4,42.4,0.0,25.9,24.7,1
IT05,F13,IT,F,7,2,tappeto,text,7,1,0,0,44.79,50.77,60,1,1,0,0.0,0.0,0.0,0.0,70.0,30.0,0
IT05,F13,IT,F,7,2,tappeto,text,8,1,0,0,49.35,53.8,45,1,1,0,0.0,6.7,0.0,0.0,66.7,26.7,0
IT05,F13,IT,F,7,2,tappeto,text,9,1,0,0,53.01,56.69,37,1,1,3,8.1,70.3,10.8,0.0,5.4,24.3,1
IT05,F13,IT,F,7,2,tappeto,text,10,1,0,0,62.23,66.61,44,1,1,2,4.5,79.5,70.5,0.0,0.0,20.5,1
IT05,F13,IT,F,7,2,volpe e boscaiolo,images,1,1,0,0,11.46,17.37,59,1,1,0,0.0,45.8,0.0,10.2,0.0,54.2,0
IT05,F13,IT,F,7,2,volpe e boscaiolo,images,2,1,0,0,20.8,28.52,77,1,1,0,0.0,13.0,0.0,0.0,0.0,87.0,0
IT05,F13,IT,F,7,2,volpe e boscaiolo,images,3,1,0,0,8.62,13.32,47,1,1,6,12.8,53.2,0.0,12.8,0.0,46.8,1
IT05,F13,IT,F,7,2,volpe e boscaiolo,images,4,1,0,0,8.62,17.37,87,1,1,6,6.9,37.9,0.0,6.9,0.0,62.1,1
IT05,F13,IT,F,7,2,volpe e boscaiolo,images,5,1,0,0,15.46,22.32,69,1,1,4,5.8,46.4,2.9,2.9,0.0,53.6,1
IT05,F13,IT,F,7,2,volpe e boscaiolo,images,6,1,0,0,34.76,45.51,108,1,1,29,26.9,49.1,28.7,0.9,0.9,50.0,1
IT05,F13,IT,F,7,2,volpe e boscaiolo,images,7,1,0,0,43.62,53.7,101,1,1,0,0.0,64.4,3.0,0.0,0.0,35.6,0
IT05,F13,IT,F,7,2,volpe e boscaiolo,images,8,0,0,0,54.79,68.57,137,1,1,13,9.5,53.3,9.5,0.7,0.0,46.7,1
IT05,F13,IT,F,7,2,volpe e boscaiolo,images,10,1,0,0,58.66,66.54,79,1,1,7,8.9,57.0,10.1,0.0,0.0,43.0,1
IT06,F14,IT,F,9,3,gatta,images,1,0,0,0,10.3,14.89,46,1,1,30,65.2,100.0,21.7,67.4,0.0,0.0,1
IT06,F14,IT,F,9,3,gatta,images,2,1,0,0,7.77,17.37,96,1,1,69,71.9,99.0,30.2,59.4,1.0,0.0,1
IT06,F14,IT,F,9,3,gatta,images,3,1,0,0,14.03,20.66,67,1,1,35,52.2,100.0,55.2,35.8,0.0,0.0,1
IT06,F14,IT,F,9,3,gatta,images,4,1,0,0,33.8,43.18,94,1,1,57,60.6,100.0,33.0,60.6,0.0,0.0,1
IT06,F14,IT,F,9,3,gatta,images,5,1,0,0,45.04,50.37,54,1,1,34,63.0,100.0,42.6,48.1,0.0,0.0,1
IT06,F14,IT,F,9,3,gatta,images,6,1,0,0,49.38,57.05,77,1,1,42,54.5,100.0,55.8,36.4,0.0,0.0,1
IT06,F14,IT,F,9,3,gatta,images,7,1,0,0,54.55,60.83,62,1,1,43,69.4,98.4,53.2,38.7,1.6,0.0,1
IT06,F14,IT,F,9,3,gatta,images,8,1,0,0,64.62,78.71,141,1,1,105,74.5,100.0,43.3,46.8,0.0,0.0,1
IT06,F14,IT,F,9,3,gatta,images,9,1,0,0,69.68,75.07,54,1,1,39,72.2,100.0,64.8,31.5,0.0,0.0,1
IT06,F14,IT,F,9,3,gatta,images,10,0,0,0,79.21,86.3,71,1,1,49,69.0,100.0,26.8,64.8,0.0,0.0,1
IT06,F14,IT,F,9,3,gatta,images,11,1,0,0,84.57,90.68,61,1,1,38,62.3,90.2,37.7,44.3,9.8,0.0,1
IT06,F14,IT,F,9,3,gatta,images,12,1,0,0,91.03,100.75,98,1,1,67,68.4,95.9,52.0,35.7,3.1,1.0,1
IT06,F14,IT,F,9,3,sbadiglio,text,1,1,0,0,7.42,12.57,51,1,1,37,72.5,100.0,94.1,0.0,0.0,0.0,1
IT06,F14,IT,F,9,3,sbadiglio,text,2,1,0,0,11.26,16.66,54,1,1,19,35.2,100.0,79.6,0.0,0.0,0.0,1
IT06,F14,IT,F,9,3,sbadiglio,text,3,1,0,0,20.03,27.45,74,1,1,48,64.9,83.8,71.6,0.0,9.5,6.8,1
IT06,F14,IT,F,9,3,sbadiglio,text,4,1,0,0,35.75,47.05,113,1,1,81,71.7,94.7,87.6,0.0,3.5,1.8,1
IT06,F14,IT,F,9,3,sbadiglio,text,5,1,0,0,64.64,77.94,133,1,1,89,66.9,94.0,82.7,0.0,4.5,1.5,1
IT06,F14,IT,F,9,3,sbadiglio,text,6,0,0,0,45.31,58.85,135,1,1,81,60.0,75.6,67.4,0.0,23.0,1.5,1
IT06,F14,IT,F,9,3,sbadiglio,text,7,0,0,0,28.3,35.12,68,1,1,35,51.5,77.9,77.9,0.0,20.6,1.5,1
IT06,F14,IT,F,9,3,sbadiglio,text,8,1,0,0,84.27,88.6,43,1,1,29,67.4,100.0,81.4,0.0,0.0,0.0,1
IT06,F14,IT,F,9,3,sbadiglio,text,9,1,0,0,78.75,91.46,127,1,1,85,66.9,96.1,81.9,0.0,3.1,0.8,1
IT06,F14,IT,F,9,3,sbadiglio,text,10,1,0,0,90.45,97.68,73,1,1,37,50.7,76.7,64.4,0.0,21.9,1.4,1
IT07,F15,IT,F,9,4,delfino,images,1,0,0,0,4.68,9.69,32,1,1,5,15.6,59.4,0.0,15.6,0.0,40.6,1
IT07,F15,IT,F,9,4,delfino,images,2,1,0,0,29.66,38.75,91,1,1,0,0.0,56.0,0.0,0.0,0.0,44.0,0
IT07,F15,IT,F,9,4,delfino,images,3,1,0,0,24.49,33.5,86,1,1,0,0.0,53.5,0.0,0.0,0.0,46.5,0
IT07,F15,IT,F,9,4,delfino,images,4,0,0,0,39.07,46.82,77,1,1,0,0.0,37.7,0.0,0.0,0.0,62.3,0
IT07,F15,IT,F,9,4,delfino,images,5,1,0,0,53.39,58.64,51,1,1,0,0.0,54.9,0.0,0.0,0.0,45.1,0
IT07,F15,IT,F,9,4,delfino,images,6,1,0,0,60.14,68.15,76,1,1,0,0.0,25.0,0.0,0.0,0.0,75.0,0
IT07,F15,IT,F,9,4,delfino,images,7,1,0,0,50.05,60.74,105,1,1,0,0.0,50.5,0.0,0.0,0.0,49.5,0
IT07,F15,IT,F,9,4,delfino,images,8,0,0,0,73.98,77.82,38,1,1,0,0.0,50.0,0.0,0.0,0.0,50.0,0
IT07,F15,IT,F,9,4,delfino,images,9,1,0,0,77.52,94.59,171,1,1,2,1.2,47.4,2.9,0.0,0.0,52.6,1
IT07,F15,IT,F,9,4,delfino,images,10,1,0,0,102.18,107.86,57,1,1,5,8.8,33.3,10.5,3.5,1.8,64.9,1
IT07,F15,IT,F,9,4,delfino,images,11,1,0,0,124.37,131.99,69,1,1,0,0.0,62.3,8.7,0.0,0.0,37.7,0
IT07,F15,IT,F,9,4,delfino,images,12,1,0,0,135.43,140.76,54,1,1,0,0.0,44.4,1.9,0.0,0.0,55.6,0
IT07,F15,IT,F,9,4,delfino,images,13,1,0,1,15.86,22.31,46,1,1,0,0.0,30.4,0.0,0.0,0.0,69.6,0
IT07,F15,IT,F,9,4,panda,text,1,1,0,0,5.34,12.95,64,1,1,38,59.4,96.9,85.9,0.0,0.0,3.1,1
IT07,F15,IT,F,9,4,panda,text,2,0,0,0,25.17,33.66,0,0,1,0,,,,,,,0
IT07,F15,IT,F,9,4,panda,text,3,1,0,0,42.61,52.94,71,1,1,25,35.2,66.2,38.0,0.0,31.0,2.8,1
IT07,F15,IT,F,9,4,panda,text,4,0,0,0,52.04,59.78,61,1,1,7,11.5,47.5,26.2,0.0,52.5,0.0,1
IT07,F15,IT,F,9,4,panda,text,5,0,0,0,53.79,62.63,70,1,1,24,34.3,77.1,50.0,0.0,20.0,2.9,1
IT07,F15,IT,F,9,4,panda,text,6,1,0,0,32.24,38.77,0,0,1,0,,,,,,,0
IT07,F15,IT,F,9,4,panda,text,7,0,0,0,64.78,74.12,93,1,1,70,75.3,98.9,92.5,0.0,0.0,1.1,1
IT07,F15,IT,F,9,4,panda,text,8,1,0,0,73.28,79.9,37,1,1,9,24.3,100.0,94.6,0.0,0.0,0.0,1
IT07,F15,IT,F,9,4,panda,text,9,0,0,0,84.54,91.09,38,1,1,20,52.6,100.0,81.6,0.0,0.0,0.0,1
IT07,F15,IT,F,9,4,panda,text,10,0,0,0,77.81,85.96,64,1,1,48,75.0,100.0,85.9,0.0,0.0,0.0,1
IT07,F15,IT,F,9,4,panda,text,11,0,0,0,11.61,21.35,10,1,1,0,0.0,100.0,100.0,0.0,0.0,0.0,0
IT07,F15,IT,F,9,4,panda,text,12,0,0,0,96.05,104.1,31,1,1,31,100.0,100.0,100.0,0.0,0.0,0.0,1
IT08,F16,IT,M,9,4,delfino,images,1,1,0,0,4.68,9.69,51,1,1,36,70.6,100.0,39.2,60.8,0.0,0.0,1
IT08,F16,IT,M,9,4,delfino,images,2,0,0,0,29.66,38.75,91,1,1,60,65.9,96.7,50.5,34.1,0.0,3.3,1
IT08,F16,IT,M,9,4,delfino,images,3,1,0,0,24.49,33.5,90,1,1,38,42.2,74.4,28.9,31.1,22.2,3.3,1
IT08,F16,IT,M,9,4,delfino,images,4,0,0,0,39.07,46.82,78,1,1,59,75.6,98.7,46.2,39.7,1.3,0.0,1
IT08,F16,IT,M,9,4,delfino,images,5,1,0,0,53.39,58.64,52,1,1,17,32.7,90.4,44.2,36.5,9.6,0.0,1
IT08,F16,IT,M,9,4,delfino,images,6,1,0,0,60.14,68.15,80,1,1,32,40.0,71.2,51.2,5.0,7.5,21.2,1
IT08,F16,IT,M,9,4,delfino,images,7,0,0,0,50.05,60.74,107,1,1,60,56.1,81.3,46.7,27.1,17.8,0.9,1
IT08,F16,IT,M,9,4,delfino,images,8,1,0,0,73.98,77.82,38,1,1,7,18.4,57.9,7.9,18.4,0.0,42.1,1
IT08,F16,IT,M,9,4,delfino,images,9,0,0,0,77.52,94.59,171,1,1,134,78.4,98.2,39.8,46.2,0.0,1.8,1
IT08,F16,IT,M,9,4,delfino,images,10,1,0,0,102.18,107.86,57,1,1,31,54.4,100.0,29.8,49.1,0.0,0.0,1
IT08,F16,IT,M,9,4,delfino,images,11,1,0,0,124.37,131.99,0,0,1,0,,,,,,,0
IT08,F16,IT,M,9,4,delfino,images,12,1,0,0,135.43,140.76,0,0,1,0,,,,,,,0
IT08,F16,IT,M,9,4,delfino,images,13,0,0,1,15.86,22.31,65,1,1,36,55.4,92.3,56.9,13.8,0.0,7.7,1
IT08,F16,IT,M,9,4,panda,text,1,0,0,0,5.34,12.95,77,1,1,47,61.0,100.0,83.1,0.0,0.0,0.0,1
IT08,F16,IT,M,9,4,panda,text,2,1,0,0,25.17,33.66,78,1,1,50,64.1,83.3,80.8,0.0,14.1,2.6,1
IT08,F16,IT,M,9,4,panda,text,3,0,0,0,42.61,52.94,94,1,1,30,31.9,47.9,41.5,0.0,0.0,52.1,1
IT08,F16,IT,M,9,4,panda,text,4,0,0,0,52.04,59.78,78,1,1,47,60.3,78.2,70.5,0.0,0.0,21.8,1
IT08,F16,IT,M,9,4,panda,text,5,1,0,0,53.79,62.63,88,1,1,55,62.5,89.8,81.8,0.0,0.0,10.2,1
IT08,F16,IT,M,9,4,panda,text,6,1,0,0,32.24,38.77,65,1,1,18,27.7,69.2,56.9,0.0,4.6,26.2,1
IT08,F16,IT,M,9,4,panda,text,7,1,0,0,64.78,74.12,93,1,1,58,62.4,93.5,81.7,0.0,5.4,1.1,1
IT08,F16,IT,M,9,4,panda,text,8,1,0,0,73.28,79.9,65,1,1,30,46.2,73.8,66.2,0.0,10.8,15.4,1
IT08,F16,IT,M,9,4,panda,text,9,1,0,0,84.54,91.09,63,1,1,30,47.6,88.9,66.7,0.0,0.0,11.1,1
IT08,F16,IT,M,9,4,panda,text,10,1,0,0,77.81,85.96,78,1,1,9,11.5,24.4,24.4,0.0,0.0,75.6,1
IT08,F16,IT,M,9,4,panda,text,11,0,0,0,11.61,21.35,88,1,1,65,73.9,90.9,85.2,0.0,0.0,9.1,1
IT08,F16,IT,M,9,4,panda,text,12,0,0,0,96.05,104.1,79,1,1,51,64.6,89.9,82.3,0.0,0.0,10.1,1
IT09,F17,IT,M,8,2,tappeto,text,1,1,0,0,13.39,20.22,68,1,1,0,0.0,0.0,0.0,0.0,67.6,32.4,0
IT09,F17,IT,M,8,2,tappeto,text,2,1,0,0,9.38,13.18,38,1,1,0,0.0,0.0,0.0,0.0,50.0,50.0,0
IT09,F17,IT,M,8,2,tappeto,text,3,1,0,0,21.96,34.05,111,1,1,0,0.0,0.0,0.0,0.0,81.1,18.9,0
IT09,F17,IT,M,8,2,tappeto,text,4,0,0,1,42.38,48.49,50,1,1,0,0.0,0.0,0.0,0.0,34.0,66.0,0
IT09,F17,IT,M,8,2,tappeto,text,5,1,0,0,24.75,30.93,52,1,1,0,0.0,0.0,0.0,0.0,88.5,11.5,0
IT09,F17,IT,M,8,2,tappeto,text,6,1,0,0,33.18,41.69,85,1,1,0,0.0,0.0,0.0,0.0,72.9,27.1,0
IT09,F17,IT,M,8,2,tappeto,text,7,1,0,0,44.79,50.77,37,1,1,0,0.0,0.0,0.0,0.0,16.2,83.8,0
IT09,F17,IT,M,8,2,tappeto,text,8,1,0,0,49.35,53.8,39,1,1,0,0.0,0.0,0.0,0.0,46.2,53.8,0
IT09,F17,IT,M,8,2,tappeto,text,9,1,0,0,53.01,56.69,37,1,1,0,0.0,0.0,0.0,0.0,64.9,35.1,0
IT09,F17,IT,M,8,2,tappeto,text,10,1,0,0,62.23,66.61,44,1,1,0,0.0,0.0,0.0,0.0,25.0,75.0,0
IT09,F17,IT,M,8,2,volpe e boscaiolo,images,1,0,1,0,11.46,17.37,59,1,1,0,0.0,71.2,44.1,27.1,18.6,10.2,0
IT09,F17,IT,M,8,2,volpe e boscaiolo,images,2,1,0,0,20.8,28.52,77,1,1,24,31.2,97.4,71.4,16.9,0.0,2.6,1
IT09,F17,IT,M,8,2,volpe e boscaiolo,images,3,1,0,0,8.62,13.32,47,1,1,3,6.4,55.3,29.8,23.4,40.4,4.3,1
IT09,F17,IT,M,8,2,volpe e boscaiolo,images,4,1,0,0,8.62,17.37,88,1,1,11,12.5,56.8,36.4,19.3,34.1,9.1,1
IT09,F17,IT,M,8,2,volpe e boscaiolo,images,5,0,0,0,15.46,22.32,69,1,1,12,17.4,85.5,53.6,24.6,7.2,7.2,1
IT09,F17,IT,M,8,2,volpe e boscaiolo,images,6,1,0,0,34.76,45.51,108,1,1,15,13.9,54.6,43.5,8.3,30.6,14.8,1
IT09,F17,IT,M,8,2,volpe e boscaiolo,images,7,0,1,0,43.62,53.7,81,1,1,12,14.8,27.2,16.0,11.1,30.9,42.0,1
IT09,F17,IT,M,8,2,volpe e boscaiolo,images,8,1,0,0,54.79,68.57,138,1,1,33,23.9,23.9,14.5,9.4,55.8,20.3,1
IT09,F17,IT,M,8,2,volpe e boscaiolo,images,10,0,0,0,58.66,66.54,78,1,1,16,20.5,28.2,25.6,2.6,56.4,15.4,1
IT10,F18,IT,F,9,1,tappeto,text,1,1,0,0,13.39,20.22,68,1,1,5,7.4,22.1,20.6,0.0,72.1,5.9,1
IT10,F18,IT,F,9,1,tappeto,text,2,1,0,0,9.38,13.18,38,1,1,0,0.0,31.6,31.6,0.0,57.9,10.5,0
IT10,F18,IT,F,9,1,tappeto,text,3,1,0,0,21.96,34.05,120,1,1,15,12.5,30.0,28.3,0.0,54.2,15.8,1
IT10,F18,IT,F,9,1,tappeto,text,4,1,0,1,42.38,48.49,61,1,1,0,0.0,9.8,9.8,0.0,86.9,3.3,0
IT10,F18,IT,F,9,1,tappeto,text,5,1,0,0,24.75,30.93,62,1,1,0,0.0,21.0,19.4,0.0,72.6,6.5,0
IT10,F18,IT,F,9,1,tappeto,text,6,1,0,0,33.18,41.69,85,1,1,13,15.3,23.5,18.8,0.0,75.3,1.2,1
IT10,F18,IT,F,9,1,tappeto,text,7,1,0,0,44.79,50.77,60,1,1,0,0.0,0.0,0.0,0.0,100.0,0.0,0
IT10,F18,IT,F,9,1,tappeto,text,8,1,0,0,49.35,53.8,45,1,1,0,0.0,2.2,2.2,0.0,95.6,2.2,0
IT10,F18,IT,F,9,1,tappeto,text,9,1,0,0,53.01,56.69,37,1,1,4,10.8,27.0,27.0,0.0,70.3,2.7,1
IT10,F18,IT,F,9,1,tappeto,text,10,1,0,0,62.23,66.61,44,1,1,7,15.9,31.8,20.5,0.0,65.9,2.3,1
IT10,F18,IT,F,9,1,volpe e boscaiolo,images,1,0,1,0,11.46,17.37,51,1,1,1,2.0,80.4,19.6,58.8,9.8,9.8,1
IT10,F18,IT,F,9,1,volpe e boscaiolo,images,2,1,0,0,20.8,28.52,77,1,1,20,26.0,44.2,5.2,33.8,51.9,3.9,1
IT10,F18,IT,F,9,1,volpe e boscaiolo,images,3,1,0,0,8.62,13.32,47,1,1,13,27.7,87.2,14.9,57.4,8.5,4.3,1
IT10,F18,IT,F,9,1,volpe e boscaiolo,images,4,1,0,0,8.62,17.37,80,1,1,26,32.5,81.2,17.5,53.8,11.2,7.5,1
IT10,F18,IT,F,9,1,volpe e boscaiolo,images,5,1,0,0,15.46,22.32,68,1,1,15,22.1,54.4,30.9,23.5,36.8,8.8,1
IT10,F18,IT,F,9,1,volpe e boscaiolo,images,6,1,0,0,34.76,45.51,107,1,1,9,8.4,28.0,8.4,10.3,69.2,2.8,1
IT10,F18,IT,F,9,1,volpe e boscaiolo,images,7,0,0,0,43.62,53.7,96,1,1,12,12.5,28.1,13.5,5.2,67.7,4.2,1
IT10,F18,IT,F,9,1,volpe e boscaiolo,images,8,1,0,0,54.79,68.57,131,1,1,27,20.6,36.6,11.5,16.8,61.8,1.5,1
IT10,F18,IT,F,9,1,volpe e boscaiolo,images,10,1,0,0,58.66,66.54,78,1,1,15,19.2,35.9,12.8,12.8,61.5,2.6,1
IT11,F20,IT,F,7,2,tappeto,text,1,1,0,0,13.39,20.22,68,1,1,40,58.8,97.1,75.0,0.0,0.0,2.9,1
IT11,F20,IT,F,7,2,tappeto,text,2,1,0,0,9.38,13.18,30,1,1,9,30.0,90.0,60.0,0.0,0.0,10.0,1
IT11,F20,IT,F,7,2,tappeto,text,3,1,0,0,21.96,34.05,121,1,1,66,54.5,81.0,64.5,0.0,19.0,0.0,1
IT11,F20,IT,F,7,2,tappeto,text,4,0,0,1,42.38,48.49,61,1,1,8,13.1,31.1,16.4,0.0,67.2,1.6,1
IT11,F20,IT,F,7,2,tappeto,text,5,1,0,0,24.75,30.93,62,1,1,39,62.9,100.0,75.8,0.0,0.0,0.0,1
IT11,F20,IT,F,7,2,tappeto,text,6,0,0,0,33.18,41.69,85,1,1,15,17.6,27.1,17.6,0.0,72.9,0.0,1
IT11,F20,IT,F,7,2,tappeto,text,7,1,0,0,44.79,50.77,60,1,1,4,6.7,41.7,10.0,0.0,56.7,1.7,1
IT11,F20,IT,F,7,2,tappeto,text,8,1,0,0,49.35,53.8,45,1,1,26,57.8,86.7,62.2,0.0,11.1,2.2,1
IT11,F20,IT,F,7,2,tappeto,text,9,1,0,0,53.01,56.69,20,1,1,0,0.0,20.0,20.0,0.0,35.0,45.0,0
IT11,F20,IT,F,7,2,tappeto,text,10,1,0,0,62.23,66.61,42,1,1,17,40.5,81.0,59.5,0.0,0.0,19.0,1
IT11,F20,IT,F,7,2,volpe e boscaiolo,images,1,1,0,0,11.46,17.37,60,1,1,40,66.7,100.0,61.7,25.0,0.0,0.0,1
IT11,F20,IT,F,7,2,volpe e boscaiolo,images,2,1,0,0,20.8,28.52,50,1,1,10,20.0,98.0,42.0,20.0,0.0,2.0,1
IT11,F20,IT,F,7,2,volpe e boscaiolo,images,3,1,0,0,8.62,13.32,47,1,1,18,38.3,100.0,17.0,57.4,0.0,0.0,1
IT11,F20,IT,F,7,2,volpe e boscaiolo,images,4,1,0,0,8.62,17.37,88,1,1,58,65.9,100.0,44.3,37.5,0.0,0.0,1
IT11,F20,IT,F,7,2,volpe e boscaiolo,images,5,1,0,0,15.46,22.32,69,1,1,29,42.0,91.3,53.6,20.3,5.8,2.9,1
IT11,F20,IT,F,7,2,volpe e boscaiolo,images,6,1,0,0,34.76,45.51,108,1,1,72,66.7,100.0,51.9,27.8,0.0,0.0,1
IT11,F20,IT,F,7,2,volpe e boscaiolo,images,7,1,0,0,43.62,53.7,101,1,1,45,44.6,97.0,46.5,26.7,2.0,1.0,1
IT11,F20,IT,F,7,2,volpe e boscaiolo,images,8,1,0,0,54.79,68.57,138,1,1,81,58.7,79.7,47.8,18.1,20.3,0.0,1
IT11,F20,IT,F,7,2,volpe e boscaiolo,images,10,1,0,0,58.66,66.54,79,1,1,49,62.0,98.7,67.1,15.2,1.3,0.0,1
IT12,F21,IT,F,6,1,tappeto,text,1,1,0,0,13.39,20.22,68,1,1,15,22.1,91.2,79.4,0.0,0.0,8.8,1
IT12,F21,IT,F,6,1,tappeto,text,2,0,0,0,9.38,13.18,38,1,1,10,26.3,34.2,28.9,0.0,65.8,0.0,1
IT12,F21,IT,F,6,1,tappeto,text,3,0,0,0,21.96,34.05,106,1,1,30,28.3,49.1,45.3,0.0,30.2,20.8,1
IT12,F21,IT,F,6,1,tappeto,text,4,0,0,1,42.38,48.49,16,1,1,0,0.0,6.2,6.2,0.0,31.2,62.5,0
IT12,F21,IT,F,6,1,tappeto,text,5,1,0,0,24.75,30.93,53,1,1,26,49.1,60.4,52.8,0.0,9.4,30.2,1
IT12,F21,IT,F,6,1,tappeto,text,6,0,0,0,33.18,41.69,57,1,1,6,10.5,12.3,12.3,0.0,31.6,56.1,1
IT12,F21,IT,F,6,1,tappeto,text,7,0,0,0,44.79,50.77,22,1,1,0,0.0,4.5,4.5,0.0,95.5,0.0,0
IT12,F21,IT,F,6,1,tappeto,text,8,1,0,0,49.35,53.8,32,1,1,0,0.0,25.0,25.0,0.0,65.6,9.4,0
IT12,F21,IT,F,6,1,tappeto,text,9,0,0,0,53.01,56.69,22,1,1,0,0.0,45.5,45.5,0.0,4.5,50.0,0
IT12,F21,IT,F,6,1,tappeto,text,10,1,0,0,62.23,66.61,12,1,1,0,0.0,58.3,41.7,0.0,0.0,41.7,0
IT12,F21,IT,F,6,1,volpe e boscaiolo,images,1,1,0,0,11.46,17.37,59,1,1,22,37.3,100.0,49.2,11.9,0.0,0.0,1
IT12,F21,IT,F,6,1,volpe e boscaiolo,images,2,0,0,0,20.8,28.52,77,1,1,40,51.9,100.0,45.5,18.2,0.0,0.0,1
IT12,F21,IT,F,6,1,volpe e boscaiolo,images,3,1,0,0,8.62,13.32,47,1,1,13,27.7,100.0,40.4,29.8,0.0,0.0,1
IT12,F21,IT,F,6,1,volpe e boscaiolo,images,4,1,0,0,8.62,17.37,88,1,1,38,43.2,100.0,38.6,22.7,0.0,0.0,1
IT12,F21,IT,F,6,1,volpe e boscaiolo,images,5,1,0,0,15.46,22.32,68,1,1,34,50.0,100.0,29.4,32.4,0.0,0.0,1
IT12,F21,IT,F,6,1,volpe e boscaiolo,images,6,1,0,0,34.76,45.51,99,1,1,65,65.7,100.0,58.6,7.1,0.0,0.0,1
IT12,F21,IT,F,6,1,volpe e boscaiolo,images,7,0,0,0,43.62,53.7,101,1,1,62,61.4,100.0,55.4,18.8,0.0,0.0,1
IT12,F21,IT,F,6,1,volpe e boscaiolo,images,8,0,0,0,54.79,68.57,116,1,1,54,46.6,100.0,26.7,19.8,0.0,0.0,1
IT12,F21,IT,F,6,1,volpe e boscaiolo,images,10,0,0,0,58.66,66.54,68,1,1,44,64.7,100.0,41.2,25.0,0.0,0.0,1
IT13,F22,IT,M,10,5,anguille,images,1,1,0,0,14.24,25.66,114,1,1,67,58.8,100.0,49.1,45.6,0.0,0.0,1
IT13,F22,IT,M,10,5,anguille,images,2,1,0,0,45.1,53.26,81,1,1,20,24.7,54.3,14.8,19.8,21.0,24.7,1
IT13,F22,IT,M,10,5,anguille,images,3,1,0,0,51.87,59.1,72,1,1,25,34.7,86.1,61.1,23.6,13.9,0.0,1
IT13,F22,IT,M,10,5,anguille,images,4,1,0,0,57.38,64.94,75,1,1,40,53.3,100.0,52.0,38.7,0.0,0.0,1
IT13,F22,IT,M,10,5,anguille,images,5,1,0,0,72.61,82.97,104,1,1,64,61.5,100.0,37.5,56.7,0.0,0.0,1
IT13,F22,IT,M,10,5,anguille,images,6,1,0,0,87.66,93.7,61,1,1,5,8.2,98.4,65.6,26.2,0.0,1.6,1
IT13,F22,IT,M,10,5,anguille,images,7,1,0,0,98.71,105.09,64,1,1,15,23.4,67.2,31.2,34.4,15.6,17.2,1
IT13,F22,IT,M,10,5,anguille,images,8,0,0,0,75.17,81.0,58,1,1,19,32.8,100.0,27.6,72.4,0.0,0.0,1
IT13,F22,IT,M,10,5,anguille,images,9,1,0,0,52.95,60.87,80,1,1,31,38.8,87.5,58.8,20.0,12.5,0.0,1
IT13,F22,IT,M,10,5,anguille,images,10,1,0,0,57.38,64.94,75,1,1,40,53.3,100.0,52.0,38.7,0.0,0.0,1
IT13,F22,IT,M,10,5,orso,text,1,1,0,0,15.26,30.72,155,1,1,120,77.4,96.8,85.2,0.0,0.0,3.2,1
IT13,F22,IT,M,10,5,orso,text,2,0,0,0,33.24,47.45,142,1,1,85,59.9,90.8,72.5,0.0,0.0,9.2,1
IT13,F22,IT,M,10,5,orso,text,3,1,0,0,43.02,59.06,160,1,1,52,32.5,75.6,59.4,0.0,0.0,24.4,1
IT13,F22,IT,M,10,5,orso,text,4,1,0,0,45.83,59.06,132,1,1,36,27.3,76.5,62.9,0.0,0.0,23.5,1
IT13,F22,IT,M,10,5,orso,text,5,1,0,0,59.7,69.99,103,1,1,45,43.7,65.0,51.5,0.0,27.2,7.8,1
IT13,F22,IT,M,10,5,orso,text,6,1,0,0,73.93,81.87,79,1,1,27,34.2,49.4,39.2,0.0,34.2,16.5,1
IT13,F22,IT,M,10,5,orso,text,7,0,0,0,83.14,89.82,67,1,1,20,29.9,83.6,58.2,0.0,6.0,10.4,1
IT13,F22,IT,M,10,5,orso,text,8,0,0,0,88.99,96.83,79,1,1,51,64.6,79.7,77.2,0.0,17.7,2.5,1
IT13,F22,IT,M,10,5,orso,text,9,0,0,0,105.73,115.94,102,1,1,73,71.6,96.1,87.3,0.0,0.0,3.9,1
IT13,F22,IT,M,10,5,orso,text,10,0,0,0,117.25,131.91,146,1,1,41,28.1,43.2,37.7,0.0,24.0,32.9,1
IT13,F22,IT,M,10,5,orso,text,11,1,0,0,131.97,144.79,128,1,1,9,7.0,14.1,7.8,0.0,19.5,66.4,1
IT13,F22,IT,M,10,5,orso,text,12,1,0,1,138.4,148.68,103,1,1,8,7.8,10.7,7.8,0.0,48.5,40.8,1
IT13,F22,IT,M,10,5,orso,text,13,1,0,0,131.97,141.85,99,1,1,9,9.1,18.2,10.1,0.0,22.2,59.6,1
IT13,F22,IT,M,10,5,orso,text,14,0,0,0,152.39,164.99,126,1,1,4,3.2,10.3,4.0,0.0,30.2,59.5,1
IT14,F23,IT,M,7,1,tappeto,text,1,1,0,0,13.39,20.22,68,1,1,41,60.3,95.6,79.4,0.0,4.4,0.0,1
IT14,F23,IT,M,7,1,tappeto,text,2,1,0,0,9.38,13.18,38,1,1,9,23.7,100.0,86.8,0.0,0.0,0.0,1
IT14,F23,IT,M,7,1,tappeto,text,3,1,0,0,21.96,34.05,121,1,1,67,55.4,95.0,66.9,0.0,5.0,0.0,1
IT14,F23,IT,M,7,1,tappeto,text,4,1,0,1,42.38,48.49,62,1,1,0,0.0,58.1,50.0,0.0,41.9,0.0,0
IT14,F23,IT,M,7,1,tappeto,text,5,1,0,0,24.75,30.93,62,1,1,35,56.5,91.9,67.7,0.0,8.1,0.0,1
IT14,F23,IT,M,7,1,tappeto,text,6,1,0,0,33.18,41.69,86,1,1,29,33.7,74.4,48.8,0.0,23.3,2.3,1
IT14,F23,IT,M,7,1,tappeto,text,7,1,0,0,44.79,50.77,59,1,1,12,20.3,47.5,30.5,0.0,52.5,0.0,1
IT14,F23,IT,M,7,1,tappeto,text,8,1,0,0,49.35,53.8,45,1,1,4,8.9,75.6,66.7,0.0,24.4,0.0,1
IT14,F23,IT,M,7,1,tappeto,text,9,1,0,0,53.01,56.69,37,1,1,11,29.7,100.0,94.6,0.0,0.0,0.0,1
IT14,F23,IT,M,7,1,tappeto,text,10,1,0,0,62.23,66.61,44,1,1,17,38.6,100.0,43.2,0.0,0.0,0.0,1
IT14,F23,IT,M,7,1,volpe e boscaiolo,images,1,0,1,0,11.46,17.37,1,0,0,0,0.0,100.0,0.0,100.0,0.0,0.0,0
IT14,F23,IT,M,7,1,volpe e boscaiolo,images,2,1,0,0,20.8,28.52,0,0,0,0,,,,,,,0
IT14,F23,IT,M,7,1,volpe e boscaiolo,images,3,1,0,0,8.62,13.32,18,1,0,0,0.0,100.0,33.3,55.6,0.0,0.0,0
IT14,F23,IT,M,7,1,volpe e boscaiolo,images,4,1,0,0,8.62,17.37,18,1,0,0,0.0,100.0,33.3,55.6,0.0,0.0,0
IT14,F23,IT,M,7,1,volpe e boscaiolo,images,5,1,0,0,15.46,22.32,0,0,0,0,,,,,,,0
IT14,F23,IT,M,7,1,volpe e boscaiolo,images,6,1,0,0,34.76,45.51,14,1,0,14,100.0,100.0,35.7,64.3,0.0,0.0,1
IT14,F23,IT,M,7,1,volpe e boscaiolo,images,7,1,0,0,43.62,53.7,7,1,0,7,100.0,100.0,100.0,0.0,0.0,0.0,1
IT14,F23,IT,M,7,1,volpe e boscaiolo,images,8,0,0,0,54.79,68.57,0,0,0,0,,,,,,,0
IT14,F23,IT,M,7,1,volpe e boscaiolo,images,10,1,0,0,58.66,66.54,0,0,0,0,,,,,,,0
IT15,F24,IT,M,6,1,tappeto,text,1,1,0,0,13.39,20.22,68,1,1,0,0.0,45.6,41.2,0.0,29.4,25.0,0
IT15,F24,IT,M,6,1,tappeto,text,2,1,0,0,9.38,13.18,29,1,1,1,3.4,6.9,3.4,0.0,72.4,20.7,1
IT15,F24,IT,M,6,1,tappeto,text,3,1,0,0,21.96,34.05,121,1,1,16,13.2,32.2,20.7,0.0,57.9,9.9,1
IT15,F24,IT,M,6,1,tappeto,text,4,1,0,1,42.38,48.49,61,1,1,0,0.0,9.8,9.8,0.0,82.0,8.2,0
IT15,F24,IT,M,6,1,tappeto,text,5,1,0,0,24.75,30.93,62,1,1,13,21.0,33.9,25.8,0.0,46.8,19.4,1
IT15,F24,IT,M,6,1,tappeto,text,6,0,0,0,33.18,41.69,85,1,1,22,25.9,41.2,27.1,0.0,43.5,15.3,1
IT15,F24,IT,M,6,1,tappeto,text,7,1,0,0,44.79,50.77,60,1,1,0,0.0,10.0,10.0,0.0,81.7,8.3,0
IT15,F24,IT,M,6,1,tappeto,text,8,1,0,0,49.35,53.8,45,1,1,13,28.9,42.2,42.2,0.0,44.4,13.3,1
IT15,F24,IT,M,6,1,tappeto,text,9,1,0,0,53.01,56.69,37,1,1,0,0.0,97.3,29.7,0.0,0.0,2.7,0
IT15,F24,IT,M,6,1,tappeto,text,10,1,0,0,62.23,66.61,44,1,1,4,9.1,36.4,36.4,0.0,56.8,6.8,1
IT15,F24,IT,M,6,1,volpe e boscaiolo,images,1,0,0,0,11.46,17.37,59,1,1,3,5.1,55.9,5.1,50.8,44.1,0.0,1
IT15,F24,IT,M,6,1,volpe e boscaiolo,images,2,1,0,0,20.8,28.52,77,1,1,19,24.7,40.3,3.9,36.4,57.1,2.6,1
IT15,F24,IT,M,6,1,volpe e boscaiolo,images,3,0,0,0,8.62,13.32,47,1,1,0,0.0,95.7,6.4,80.9,4.3,0.0,0
IT15,F24,IT,M,6,1,volpe e boscaiolo,images,4,1,0,0,8.62,17.37,88,1,1,16,18.2,70.5,6.8,59.1,29.5,0.0,1
IT15,F24,IT,M,6,1,volpe e boscaiolo,images,5,1,0,0,15.46,22.32,68,1,1,16,23.5,45.6,7.4,36.8,54.4,0.0,1
IT15,F24,IT,M,6,1,volpe e boscaiolo,images,6,0,0,0,34.76,45.51,108,1,1,45,41.7,83.3,29.6,27.8,16.7,0.0,1
IT15,F24,IT,M,6,1,volpe e boscaiolo,images,7,0,0,0,43.62,53.7,101,1,1,62,61.4,96.0,30.7,55.4,4.0,0.0,1
IT15,F24,IT,M,6,1,volpe e boscaiolo,images,8,0,1,0,54.79,68.57,138,1,1,85,61.6,90.6,20.3,52.9,9.4,0.0,1
IT15,F24,IT,M,6,1,volpe e boscaiolo,images,10,0,0,0,58.66,66.54,78,1,1,36,46.2,87.2,26.9,42.3,12.8,0.0,1
IT16,F26,IT,M,7,1,tappeto,text,1,1,0,0,13.39,20.22,68,1,1,12,17.6,60.3,47.1,0.0,20.6,19.1,1
IT16,F26,IT,M,7,1,tappeto,text,2,1,0,0,9.38,13.18,38,1,1,7,18.4,60.5,31.6,0.0,15.8,23.7,1
IT16,F26,IT,M,7,1,tappeto,text,3,1,0,0,21.96,34.05,97,1,1,26,26.8,33.0,28.9,0.0,25.8,41.2,1
IT16,F26,IT,M,7,1,tappeto,text,4,0,0,1,42.38,48.49,47,1,1,2,4.3,21.3,17.0,0.0,29.8,48.9,1
IT16,F26,IT,M,7,1,tappeto,text,5,1,0,0,24.75,30.93,61,1,1,11,18.0,27.9,27.9,0.0,27.9,44.3,1
IT16,F26,IT,M,7,1,tappeto,text,6,0,0,0,33.18,41.69,47,1,1,0,0.0,12.8,2.1,0.0,0.0,87.2,0
IT16,F26,IT,M,7,1,tappeto,text,7,0,0,0,44.79,50.77,55,1,1,2,3.6,18.2,14.5,0.0,29.1,52.7,1
IT16,F26,IT,M,7,1,tappeto,text,8,1,0,0,49.35,53.8,45,1,1,2,4.4,13.3,11.1,0.0,28.9,57.8,1
IT16,F26,IT,M,7,1,tappeto,text,9,1,0,0,53.01,56.69,37,1,1,2,5.4,62.2,16.2,0.0,29.7,8.1,1
IT16,F26,IT,M,7,1,tappeto,text,10,1,0,0,62.23,66.61,44,1,1,4,9.1,50.0,40.9,0.0,45.5,4.5,1
IT16,F26,IT,M,7,1,volpe e boscaiolo,images,1,1,0,0,11.46,17.37,59,1,1,8,13.6,88.1,33.9,52.5,11.9,0.0,1
IT16,F26,IT,M,7,1,volpe e boscaiolo,images,2,1,0,0,20.8,28.52,77,1,1,37,48.1,88.3,28.6,45.5,7.8,3.9,1
IT16,F26,IT,M,7,1,volpe e boscaiolo,images,3,1,0,0,8.62,13.32,47,1,1,8,17.0,100.0,23.4,63.8,0.0,0.0,1
IT16,F26,IT,M,7,1,volpe e boscaiolo,images,4,1,0,0,8.62,17.37,88,1,1,26,29.5,92.0,22.7,61.4,8.0,0.0,1
IT16,F26,IT,M,7,1,volpe e boscaiolo,images,5,1,0,0,15.46,22.32,69,1,1,3,4.3,97.1,26.1,52.2,0.0,2.9,1
IT16,F26,IT,M,7,1,volpe e boscaiolo,images,6,1,0,0,34.76,45.51,108,1,1,39,36.1,68.5,20.4,42.6,29.6,1.9,1
IT16,F26,IT,M,7,1,volpe e boscaiolo,images,7,1,0,0,43.62,53.7,101,1,1,59,58.4,70.3,49.5,16.8,28.7,1.0,1
IT16,F26,IT,M,7,1,volpe e boscaiolo,images,8,1,0,0,54.79,68.57,137,1,1,83,60.6,82.5,19.7,58.4,8.8,8.8,1
IT16,F26,IT,M,7,1,volpe e boscaiolo,images,10,1,0,0,58.66,66.54,77,1,1,40,51.9,92.2,24.7,66.2,3.9,3.9,1
IT17,F31,IT,F,6,1,tappeto,text,1,1,0,0,13.39,20.22,68,1,1,8,11.8,75.0,66.2,0.0,0.0,25.0,1
IT17,F31,IT,F,6,1,tappeto,text,2,1,0,0,9.38,13.18,38,1,1,5,13.2,57.9,57.9,0.0,0.0,42.1,1
IT17,F31,IT,F,6,1,tappeto,text,3,1,0,0,21.96,34.05,114,1,1,12,10.5,24.6,22.8,0.0,0.9,74.6,1
IT17,F31,IT,F,6,1,tappeto,text,4,1,0,1,42.38,48.49,61,1,1,0,0.0,0.0,0.0,0.0,4.9,95.1,0
IT17,F31,IT,F,6,1,tappeto,text,5,1,0,0,24.75,30.93,62,1,1,6,9.7,22.6,19.4,0.0,0.0,77.4,1
IT17,F31,IT,F,6,1,tappeto,text,6,1,0,0,33.18,41.69,85,1,1,0,0.0,0.0,0.0,0.0,0.0,100.0,0
IT17,F31,IT,F,6,1,tappeto,text,7,1,0,0,44.79,50.77,60,1,1,0,0.0,0.0,0.0,0.0,0.0,100.0,0
IT17,F31,IT,F,6,1,tappeto,text,8,1,0,0,49.35,53.8,45,1,1,0,0.0,0.0,0.0,0.0,0.0,100.0,0
IT17,F31,IT,F,6,1,tappeto,text,9,1,0,0,53.01,56.69,37,1,1,0,0.0,21.6,21.6,0.0,0.0,78.4,0
IT17,F31,IT,F,6,1,tappeto,text,10,1,0,0,62.23,66.61,44,1,1,0,0.0,15.9,6.8,0.0,0.0,84.1,0
IT17,F31,IT,F,6,1,volpe e boscaiolo,images,1,0,1,0,11.46,17.37,60,1,1,6,10.0,60.0,20.0,36.7,40.0,0.0,1
IT17,F31,IT,F,6,1,volpe e boscaiolo,images,2,1,0,0,20.8,28.52,77,1,1,8,10.4,100.0,84.4,14.3,0.0,0.0,1
IT17,F31,IT,F,6,1,volpe e boscaiolo,images,3,1,0,0,8.62,13.32,47,1,1,7,14.9,66.0,6.4,51.1,34.0,0.0,1
IT17,F31,IT,F,6,1,volpe e boscaiolo,images,4,1,0,0,8.62,17.37,88,1,1,28,31.8,72.7,17.0,48.9,27.3,0.0,1
IT17,F31,IT,F,6,1,volpe e boscaiolo,images,5,1,0,0,15.46,22.32,56,1,1,17,30.4,76.8,35.7,37.5,16.1,7.1,1
IT17,F31,IT,F,6,1,volpe e boscaiolo,images,6,1,0,0,34.76,45.51,108,1,1,62,57.4,98.1,64.8,24.1,1.9,0.0,1
IT17,F31,IT,F,6,1,volpe e boscaiolo,images,7,0,0,0,43.62,53.7,101,1,1,36,35.6,64.4,38.6,21.8,34.7,1.0,1
IT17,F31,IT,F,6,1,volpe e boscaiolo,images,8,1,0,0,54.79,68.57,137,1,1,77,56.2,88.3,32.8,50.4,10.9,0.7,1
IT17,F31,IT,F,6,1,volpe e boscaiolo,images,10,1,0,0,58.66,66.54,79,1,1,31,39.2,79.7,35.4,40.5,19.0,1.3,1
IT18,F32,IT,M,6,1,tappeto,text,1,0,0,0,13.39,20.22,0,0,0,0,,,,,,,0
IT18,F32,IT,M,6,1,tappeto,text,2,1,0,0,9.38,13.18,5,1,0,0,0.0,0.0,0.0,0.0,100.0,0.0,0
IT18,F32,IT,M,6,1,tappeto,text,3,1,0,0,21.96,34.05,60,1,0,11,18.3,41.7,18.3,0.0,0.0,58.3,1
IT18,F32,IT,M,6,1,tappeto,text,4,1,0,1,42.38,48.49,41,1,0,8,19.5,46.3,43.9,0.0,12.2,41.5,1
IT18,F32,IT,M,6,1,tappeto,text,5,1,0,0,24.75,30.93,54,1,0,11,20.4,37.0,20.4,0.0,0.0,63.0,1
IT18,F32,IT,M,6,1,tappeto,text,6,1,0,0,33.18,41.69,45,1,0,14,31.1,51.1,31.1,0.0,11.1,37.8,1
IT18,F32,IT,M,6,1,tappeto,text,7,1,0,0,44.79,50.77,59,1,0,6,10.2,30.5,25.4,0.0,28.8,40.7,1
IT18,F32,IT,M,6,1,tappeto,text,8,1,0,0,49.35,53.8,37,1,0,7,18.9,24.3,18.9,0.0,70.3,5.4,1
IT18,F32,IT,M,6,1,tappeto,text,9,1,0,0,53.01,56.69,14,1,0,4,28.6,28.6,28.6,0.0,71.4,0.0,1
IT18,F32,IT,M,6,1,tappeto,text,10,1,0,0,62.23,66.61,4,0,0,2,50.0,75.0,50.0,0.0,0.0,25.0,1
IT18,F32,IT,M,6,1,volpe e boscaiolo,images,1,0,0,0,11.46,17.37,42,1,1,0,0.0,16.7,4.8,11.9,76.2,7.1,0
IT18,F32,IT,M,6,1,volpe e boscaiolo,images,2,0,0,0,20.8,28.52,46,1,1,21,45.7,91.3,13.0,60.9,0.0,8.7,1
IT18,F32,IT,M,6,1,volpe e boscaiolo,images,3,0,0,0,8.62,13.32,47,1,1,11,23.4,63.8,6.4,34.0,36.2,0.0,1
IT18,F32,IT,M,6,1,volpe e boscaiolo,images,4,1,0,0,8.62,17.37,70,1,1,11,15.7,42.9,4.3,22.9,52.9,4.3,1
IT18,F32,IT,M,6,1,volpe e boscaiolo,images,5,1,0,0,15.46,22.32,14,1,1,0,0.0,35.7,0.0,35.7,14.3,50.0,0
IT18,F32,IT,M,6,1,volpe e boscaiolo,images,6,1,0,0,34.76,45.51,105,1,1,55,52.4,95.2,27.6,47.6,0.0,4.8,1
IT18,F32,IT,M,6,1,volpe e boscaiolo,images,7,0,0,0,43.62,53.7,65,1,1,4,6.2,55.4,12.3,29.2,35.4,9.2,1
IT18,F32,IT,M,6,1,volpe e boscaiolo,images,8,1,0,0,54.79,68.57,130,1,1,100,76.9,100.0,32.3,56.9,0.0,0.0,1
IT18,F32,IT,M,6,1,volpe e boscaiolo,images,10,1,0,0,58.66,66.54,79,1,1,36,45.6,100.0,35.4,60.8,0.0,0.0,1
IT19,F33,IT,M,7,1,tappeto,text,1,0,1,0,13.39,20.22,0,0,0,0,,,,,,,0
IT19,F33,IT,M,7,1,tappeto,text,2,1,0,0,9.38,13.18,38,1,0,2,5.3,15.8,7.9,0.0,47.4,36.8,1
IT19,F33,IT,M,7,1,tappeto,text,3,1,0,0,21.96,34.05,10,1,0,0,0.0,80.0,80.0,0.0,0.0,20.0,0
IT19,F33,IT,M,7,1,tappeto,text,4,0,0,1,42.38,48.49,0,0,0,0,,,,,,,0
IT19,F33,IT,M,7,1,tappeto,text,5,1,0,0,24.75,30.93,0,0,0,0,,,,,,,0
IT19,F33,IT,M,7,1,tappeto,text,6,0,1,0,33.18,41.69,0,0,0,0,,,,,,,0
IT19,F33,IT,M,7,1,tappeto,text,7,0,0,0,44.79,50.77,0,0,0,0,,,,,,,0
IT19,F33,IT,M,7,1,tappeto,text,8,1,0,0,49.35,53.8,0,0,0,0,,,,,,,0
IT19,F33,IT,M,7,1,tappeto,text,9,1,0,0,53.01,56.69,0,0,0,0,,,,,,,0
IT19,F33,IT,M,7,1,tappeto,text,10,1,0,0,62.23,66.61,0,0,0,0,,,,,,,0
IT19,F33,IT,M,7,1,volpe e boscaiolo,images,1,1,0,0,11.46,17.37,59,1,1,0,0.0,35.6,3.4,13.6,30.5,33.9,0
IT19,F33,IT,M,7,1,volpe e boscaiolo,images,2,1,0,0,20.8,28.52,77,1,1,0,0.0,2.6,1.3,1.3,3.9,93.5,0
IT19,F33,IT,M,7,1,volpe e boscaiolo,images,3,1,0,0,8.62,13.32,47,1,1,13,27.7,83.0,14.9,17.0,12.8,4.3,1
IT19,F33,IT,M,7,1,volpe e boscaiolo,images,4,1,0,0,8.62,17.37,87,1,1,13,14.9,51.7,8.0,10.3,23.0,25.3,1
IT19,F33,IT,M,7,1,volpe e boscaiolo,images,5,1,0,0,15.46,22.32,69,1,1,1,1.4,5.8,0.0,1.4,26.1,68.1,1
IT19,F33,IT,M,7,1,volpe e boscaiolo,images,6,1,0,0,34.76,45.51,103,1,1,2,1.9,7.8,1.9,0.0,6.8,85.4,1
IT19,F33,IT,M,7,1,volpe e boscaiolo,images,7,1,0,0,43.62,53.7,93,1,1,0,0.0,10.8,3.2,0.0,24.7,64.5,0
IT19,F33,IT,M,7,1,volpe e boscaiolo,images,8,0,0,0,54.79,68.57,137,1,1,0,0.0,2.2,0.0,0.0,3.6,94.2,0
IT19,F33,IT,M,7,1,volpe e boscaiolo,images,10,1,0,0,58.66,66.54,79,1,1,0,0.0,0.0,0.0,0.0,0.0,100.0,0
IT20,F40,IT,M,6,1,tappeto,text,1,1,0,0,13.39,20.22,62,1,1,0,0.0,0.0,0.0,0.0,0.0,100.0,0
IT20,F40,IT,M,6,1,tappeto,text,2,1,0,0,9.38,13.18,38,1,1,0,0.0,0.0,0.0,0.0,0.0,100.0,0
IT20,F40,IT,M,6,1,tappeto,text,3,1,0,0,21.96,34.05,52,1,1,0,0.0,0.0,0.0,0.0,0.0,100.0,0
IT20,F40,IT,M,6,1,tappeto,text,4,1,0,1,42.38,48.49,4,0,1,0,0.0,0.0,0.0,0.0,0.0,100.0,0
IT20,F40,IT,M,6,1,tappeto,text,5,1,0,0,24.75,30.93,25,1,1,0,0.0,0.0,0.0,0.0,0.0,100.0,0
IT20,F40,IT,M,6,1,tappeto,text,6,1,0,0,33.18,41.69,74,1,1,0,0.0,0.0,0.0,0.0,0.0,100.0,0
IT20,F40,IT,M,6,1,tappeto,text,7,1,0,0,44.79,50.77,27,1,1,0,0.0,0.0,0.0,0.0,0.0,100.0,0
IT20,F40,IT,M,6,1,tappeto,text,8,1,0,0,49.35,53.8,30,1,1,0,0.0,0.0,0.0,0.0,0.0,100.0,0
IT20,F40,IT,M,6,1,tappeto,text,9,1,0,0,53.01,56.69,33,1,1,0,0.0,0.0,0.0,0.0,0.0,100.0,0
IT20,F40,IT,M,6,1,tappeto,text,10,1,0,0,62.23,66.61,33,1,1,0,0.0,0.0,0.0,0.0,0.0,100.0,0
IT20,F40,IT,M,6,1,volpe e boscaiolo,images,1,0,0,0,11.46,17.37,59,1,1,14,23.7,54.2,22.0,28.8,16.9,28.8,1
IT20,F40,IT,M,6,1,volpe e boscaiolo,images,2,0,0,0,20.8,28.52,70,1,1,15,21.4,41.4,17.1,10.0,12.9,45.7,1
IT20,F40,IT,M,6,1,volpe e boscaiolo,images,3,0,0,0,8.62,13.32,47,1,1,13,27.7,74.5,14.9,42.6,12.8,12.8,1
IT20,F40,IT,M,6,1,volpe e boscaiolo,images,4,1,0,0,8.62,17.37,88,1,1,28,31.8,60.2,17.0,31.8,18.2,21.6,1
IT20,F40,IT,M,6,1,volpe e boscaiolo,images,5,0,0,0,15.46,22.32,67,1,1,4,6.0,29.9,10.4,14.9,34.3,35.8,1
IT20,F40,IT,M,6,1,volpe e boscaiolo,images,6,1,0,0,34.76,45.51,104,1,1,17,16.3,34.6,11.5,12.5,16.3,49.0,1
IT20,F40,IT,M,6,1,volpe e boscaiolo,images,7,0,0,0,43.62,53.7,74,1,1,6,8.1,10.8,9.5,0.0,54.1,35.1,1
IT20,F40,IT,M,6,1,volpe e boscaiolo,images,8,0,0,0,54.79,68.57,90,1,1,35,38.9,64.4,37.8,4.4,7.8,27.8,1
IT20,F40,IT,M,6,1,volpe e boscaiolo,images,10,1,0,0,58.66,66.54,69,1,1,23,33.3,63.8,42.0,4.3,10.1,26.1,1
IT21,F41,IT,M,7,1,tappeto,text,1,1,0,0,13.39,20.22,68,1,1,11,16.2,95.6,89.7,0.0,2.9,1.5,1
IT21,F41,IT,M,7,1,tappeto,text,2,1,0,0,9.38,13.18,38,1,1,4,10.5,100.0,100.0,0.0,0.0,0.0,1
IT21,F41,IT,M,7,1,tappeto,text,3,1,0,0,21.96,34.05,120,1,1,59,49.2,100.0,80.8,0.0,0.0,0.0,1
IT21,F41,IT,M,7,1,tappeto,text,4,1,0,1,42.38,48.49,61,1,1,12,19.7,100.0,95.1,0.0,0.0,0.0,1
IT21,F41,IT,M,7,1,tappeto,text,5,1,0,0,24.75,30.93,62,1,1,28,45.2,100.0,75.8,0.0,0.0,0.0,1
IT21,F41,IT,M,7,1,tappeto,text,6,0,1,0,33.18,41.69,85,1,1,43,50.6,100.0,89.4,0.0,0.0,0.0,1
IT21,F41,IT,M,7,1,tappeto,text,7,1,0,0,44.79,50.77,60,1,1,1,1.7,100.0,75.0,0.0,0.0,0.0,1
IT21,F41,IT,M,7,1,tappeto,text,8,0,1,0,49.35,53.8,45,1,1,12,26.7,100.0,77.8,0.0,0.0,0.0,1
IT21,F41,IT,M,7,1,tappeto,text,9,1,0,0,53.01,56.69,37,1,1,0,0.0,100.0,83.8,0.0,0.0,0.0,0
IT21,F41,IT,M,7,1,tappeto,text,10,1,0,0,62.23,66.61,44,1,1,15,34.1,100.0,100.0,0.0,0.0,0.0,1
IT21,F41,IT,M,7,1,volpe e boscaiolo,images,1,0,1,0,11.46,17.37,60,1,1,3,5.0,93.3,60.0,23.3,0.0,6.7,1
IT21,F41,IT,M,7,1,volpe e boscaiolo,images,2,1,0,0,20.8,28.52,77,1,1,22,28.6,93.5,68.8,19.5,0.0,6.5,1
IT21,F41,IT,M,7,1,volpe e boscaiolo,images,3,0,0,0,8.62,13.32,47,1,1,0,0.0,100.0,51.1,21.3,0.0,0.0,0
IT21,F41,IT,M,7,1,volpe e boscaiolo,images,4,1,0,0,8.62,17.37,88,1,1,3,3.4,95.5,51.1,22.7,0.0,4.5,1
IT21,F41,IT,M,7,1,volpe e boscaiolo,images,5,0,0,0,15.46,22.32,69,1,1,7,10.1,85.5,52.2,18.8,0.0,14.5,1
IT21,F41,IT,M,7,1,volpe e boscaiolo,images,6,0,0,0,34.76,45.51,108,1,1,33,30.6,97.2,62.0,10.2,0.0,2.8,1
IT21,F41,IT,M,7,1,volpe e boscaiolo,images,7,1,0,0,43.62,53.7,101,1,1,22,21.8,58.4,42.6,2.0,38.6,3.0,1
IT21,F41,IT,M,7,1,volpe e boscaiolo,images,8,1,0,0,54.79,68.57,138,1,1,73,52.9,81.2,55.1,25.4,9.4,9.4,1
IT21,F41,IT,M,7,1,volpe e boscaiolo,images,10,1,0,0,58.66,66.54,79,1,1,20,25.3,83.5,57.0,25.3,8.9,7.6,1
TI01,B1,TI,M,7,2,tappeto,images,1,1,0,0,13.45,20.28,69,1,1,43,62.3,100.0,33.3,55.1,0.0,0.0,1
TI01,B1,TI,M,7,2,tappeto,images,2,1,0,0,9.42,13.2,38,1,1,16,42.1,100.0,10.5,76.3,0.0,0.0,1
TI01,B1,TI,M,7,2,tappeto,images,3,1,0,0,22.07,34.2,121,1,1,69,57.0,84.3,29.8,45.5,14.9,0.8,1
TI01,B1,TI,M,7,2,tappeto,images,4,0,0,1,42.53,48.65,61,1,1,7,11.5,93.4,14.8,67.2,6.6,0.0,1
TI01,B1,TI,M,7,2,tappeto,images,5,1,0,0,24.73,31.07,64,1,1,20,31.2,70.3,20.3,42.2,28.1,1.6,1
TI01,B1,TI,M,7,2,tappeto,images,6,0,0,0,33.29,41.84,85,1,1,60,70.6,100.0,31.8,62.4,0.0,0.0,1
TI01,B1,TI,M,7,2,tappeto,images,7,1,0,0,44.89,50.97,61,1,1,25,41.0,93.4,16.4,70.5,6.6,0.0,1
TI01,B1,TI,M,7,2,tappeto,images,8,1,0,0,49.48,54.1,46,1,1,26,56.5,100.0,30.4,56.5,0.0,0.0,1
TI01,B1,TI,M,7,2,tappeto,images,9,1,0,0,53.18,56.89,37,1,1,22,59.5,100.0,27.0,70.3,0.0,0.0,1
TI01,B1,TI,M,7,2,tappeto,images,10,0,0,0,62.35,66.82,45,1,1,5,11.1,100.0,2.2,88.9,0.0,0.0,1
TI01,B1,TI,M,7,2,volpe e boscaiolo,text,1,0,1,0,12.09,17.38,53,1,1,6,11.3,77.4,50.9,0.0,22.6,0.0,1
TI01,B1,TI,M,7,2,volpe e boscaiolo,text,2,1,0,0,20.77,28.27,75,1,1,41,54.7,86.7,72.0,0.0,12.0,1.3,1
TI01,B1,TI,M,7,2,volpe e boscaiolo,text,3,1,0,0,9.56,14.06,45,1,1,14,31.1,68.9,46.7,0.0,26.7,4.4,1
TI01,B1,TI,M,7,2,volpe e boscaiolo,text,4,1,0,0,9.56,17.38,78,1,1,20,25.6,70.5,50.0,0.0,26.9,2.6,1
TI01,B1,TI,M,7,2,volpe e boscaiolo,text,5,1,0,0,15.45,22.32,69,1,1,25,36.2,65.2,46.4,0.0,31.9,2.9,1
TI01,B1,TI,M,7,2,volpe e boscaiolo,text,6,1,0,0,34.66,44.94,103,1,1,24,23.3,41.7,38.8,0.0,57.3,1.0,1
TI01,B1,TI,M,7,2,volpe e boscaiolo,text,7,0,0,0,43.87,52.63,88,1,1,34,38.6,62.5,38.6,0.0,36.4,1.1,1
TI01,B1,TI,M,7,2,volpe e boscaiolo,text,8,1,0,0,52.93,67.33,144,1,1,70,48.6,77.1,55.6,0.0,20.1,2.8,1
TI01,B1,TI,M,7,2,volpe e boscaiolo,text,10,1,0,0,56.85,65.11,83,1,1,28,33.7,68.7,44.6,0.0,27.7,3.6,1
TI02,B2,TI,M,8,2,tappeto,images,1,1,0,0,13.45,20.28,69,1,1,45,65.2,100.0,24.6,71.0,0.0,0.0,1
TI02,B2,TI,M,8,2,tappeto,images,2,1,0,0,9.42,13.2,38,1,1,10,26.3,100.0,26.3,63.2,0.0,0.0,1
TI02,B2,TI,M,8,2,tappeto,images,3,1,0,0,22.07,34.2,122,1,1,69,56.6,89.3,45.9,33.6,9.8,0.8,1
TI02,B2,TI,M,8,2,tappeto,images,4,1,0,1,42.53,48.65,61,1,1,25,41.0,95.1,39.3,39.3,4.9,0.0,1
TI02,B2,TI,M,8,2,tappeto,images,5,1,0,0,24.73,31.07,63,1,1,31,49.2,100.0,55.6,31.7,0.0,0.0,1
TI02,B2,TI,M,8,2,tappeto,images,6,0,0,0,33.29,41.84,85,1,1,52,61.2,77.6,34.1,35.3,21.2,1.2,1
TI02,B2,TI,M,8,2,tappeto,images,7,1,0,0,44.89,50.97,60,1,1,33,55.0,95.0,33.3,46.7,5.0,0.0,1
TI02,B2,TI,M,8,2,tappeto,images,8,1,0,0,49.48,54.1,46,1,1,31,67.4,100.0,32.6,65.2,0.0,0.0,1
TI02,B2,TI,M,8,2,tappeto,images,9,1,0,0,53.18,56.89,38,1,1,9,23.7,100.0,13.2,78.9,0.0,0.0,1
TI02,B2,TI,M,8,2,tappeto,images,10,1,0,0,62.35,66.82,45,1,1,6,13.3,100.0,28.9,57.8,0.0,0.0,1
TI02,B2,TI,M,8,2,volpe e boscaiolo,text,1,1,0,0,12.09,17.38,53,1,1,17,32.1,86.8,66.0,0.0,5.7,7.5,1
TI02,B2,TI,M,8,2,volpe e boscaiolo,text,2,1,0,0,20.77,28.27,75,1,1,3,4.0,17.3,12.0,0.0,42.7,40.0,1
TI02,B2,TI,M,8,2,volpe e boscaiolo,text,3,1,0,0,9.56,14.06,45,1,1,12,26.7,62.2,51.1,0.0,8.9,28.9,1
TI02,B2,TI,M,8,2,volpe e boscaiolo,text,4,1,0,0,9.56,17.38,78,1,1,37,47.4,74.4,60.3,0.0,9.0,16.7,1
TI02,B2,TI,M,8,2,volpe e boscaiolo,text,5,1,0,0,15.45,22.32,69,1,1,7,10.1,47.8,39.1,0.0,52.2,0.0,1
TI02,B2,TI,M,8,2,volpe e boscaiolo,text,6,1,0,0,34.66,44.94,103,1,1,61,59.2,99.0,73.8,0.0,0.0,1.0,1
TI02,B2,TI,M,8,2,volpe e boscaiolo,text,7,1,0,0,43.87,52.63,87,1,1,10,11.5,37.9,24.1,0.0,33.3,28.7,1
TI02,B2,TI,M,8,2,volpe e boscaiolo,text,8,1,0,0,52.93,67.33,144,1,1,82,56.9,90.3,68.8,0.0,6.9,2.8,1
TI02,B2,TI,M,8,2,volpe e boscaiolo,text,10,1,0,0,56.85,65.11,83,1,1,40,48.2,85.5,63.9,0.0,12.0,2.4,1
TI03,B3,TI,M,11,5,anguille,text,1,1,0,0,14.27,25.43,111,1,1,38,34.2,58.6,36.9,0.0,40.5,0.9,1
TI03,B3,TI,M,11,5,anguille,text,2,1,0,0,45.05,52.6,75,1,1,37,49.3,84.0,73.3,0.0,14.7,1.3,1
TI03,B3,TI,M,11,5,anguille,text,3,1,0,0,51.79,58.99,72,1,1,33,45.8,97.2,80.6,0.0,0.0,2.8,1
TI03,B3,TI,M,11,5,anguille,text,4,1,0,0,57.35,65.49,81,1,1,39,48.1,98.8,84.0,0.0,0.0,1.2,1
TI03,B3,TI,M,11,5,anguille,text,5,1,0,0,72.57,83.06,105,1,1,49,46.7,85.7,61.9,0.0,5.7,8.6,1
TI03,B3,TI,M,11,5,anguille,text,6,1,0,0,88.18,94.18,60,1,1,29,48.3,91.7,75.0,0.0,6.7,1.7,1
TI03,B3,TI,M,11,5,anguille,text,7,1,0,0,99.71,105.28,56,1,1,30,53.6,66.1,66.1,0.0,30.4,3.6,1
TI03,B3,TI,M,11,5,anguille,text,8,0,0,0,75.11,80.99,59,1,1,16,27.1,84.7,57.6,0.0,0.0,15.3,1
TI03,B3,TI,M,11,5,anguille,text,9,0,0,0,52.79,60.78,80,1,1,39,48.8,97.5,82.5,0.0,0.0,2.5,1
TI03,B3,TI,M,11,5,anguille,text,10,1,0,0,57.35,65.49,81,1,1,39,48.1,98.8,84.0,0.0,0.0,1.2,1
TI03,B3,TI,M,11,5,orso,images,1,1,0,0,15.27,30.77,155,1,1,91,58.7,98.1,54.2,14.2,0.0,1.9,1
TI03,B3,TI,M,11,5,orso,images,2,1,0,0,33.24,47.71,145,1,1,108,74.5,99.3,77.9,11.7,0.0,0.7,1
TI03,B3,TI,M,11,5,orso,images,3,0,0,0,43.05,55.64,125,1,1,88,70.4,94.4,67.2,15.2,5.6,0.0,1
TI03,B3,TI,M,11,5,orso,images,4,1,0,0,45.88,55.64,97,1,1,56,57.7,92.8,72.2,10.3,7.2,0.0,1
TI03,B3,TI,M,11,5,orso,images,5,1,0,0,61.8,70.0,82,1,1,63,76.8,100.0,75.6,8.5,0.0,0.0,1
TI03,B3,TI,M,11,5,orso,images,6,1,0,0,73.95,81.96,80,1,1,32,40.0,81.2,43.8,10.0,17.5,1.2,1
TI03,B3,TI,M,11,5,orso,images,7,1,0,0,83.14,90.27,72,1,1,43,59.7,100.0,55.6,33.3,0.0,0.0,1
TI03,B3,TI,M,11,5,orso,images,8,0,0,0,89.06,96.94,78,1,1,50,64.1,97.4,73.1,9.0,0.0,2.6,1
TI03,B3,TI,M,11,5,orso,images,9,1,0,0,105.78,116.21,104,1,1,67,64.4,91.3,72.1,7.7,8.7,0.0,1
TI03,B3,TI,M,11,5,orso,images,10,0,0,0,117.35,132.11,147,1,1,88,59.9,100.0,83.0,3.4,0.0,0.0,1
TI03,B3,TI,M,11,5,orso,images,11,1,0,0,132.04,144.84,128,1,1,92,71.9,100.0,68.8,18.0,0.0,0.0,1
TI03,B3,TI,M,11,5,orso,images,12,0,0,1,138.59,148.65,101,1,1,72,71.3,100.0,51.5,30.7,0.0,0.0,1
TI03,B3,TI,M,11,5,orso,images,13,0,0,0,132.04,142.13,101,1,1,63,62.4,100.0,65.3,17.8,0.0,0.0,1
TI03,B3,TI,M,11,5,orso,images,14,1,0,0,152.41,165.21,123,1,1,64,52.0,87.0,61.8,4.9,4.9,8.1,1
TI04,B4,TI,M,7,2,tappeto,images,1,1,0,0,13.45,20.28,69,1,1,8,11.6,78.3,21.7,55.1,0.0,21.7,1
TI04,B4,TI,M,7,2,tappeto,images,2,1,0,0,9.42,13.2,38,1,1,2,5.3,89.5,10.5,42.1,0.0,10.5,1
TI04,B4,TI,M,7,2,tappeto,images,3,1,0,0,22.07,34.2,121,1,1,51,42.1,81.8,66.9,8.3,5.0,13.2,1
TI04,B4,TI,M,7,2,tappeto,images,4,1,0,1,42.53,48.65,62,1,1,11,17.7,50.0,22.6,25.8,19.4,30.6,1
TI04,B4,TI,M,7,2,tappeto,images,5,1,0,0,24.73,31.07,64,1,1,20,31.2,82.8,73.4,1.6,0.0,17.2,1
TI04,B4,TI,M,7,2,tappeto,images,6,1,0,0,33.29,41.84,85,1,1,6,7.1,56.5,47.1,9.4,17.6,25.9,1
TI04,B4,TI,M,7,2,tappeto,images,7,1,0,0,44.89,50.97,61,1,1,3,4.9,73.8,54.1,18.0,11.5,14.8,1
TI04,B4,TI,M,7,2,tappeto,images,8,1,0,0,49.48,54.1,46,1,1,3,6.5,71.7,47.8,21.7,0.0,28.3,1
TI04,B4,TI,M,7,2,tappeto,images,9,1,0,0,53.18,56.89,37,1,1,0,0.0,83.8,37.8,45.9,0.0,16.2,0
TI04,B4,TI,M,7,2,tappeto,images,10,1,0,0,62.35,66.82,44,1,1,0,0.0,34.1,34.1,0.0,59.1,6.8,0
TI04,B4,TI,M,7,2,volpe e boscaiolo,text,1,1,0,0,12.09,17.38,53,1,1,15,28.3,81.1,54.7,0.0,17.0,1.9,1
TI04,B4,TI,M,7,2,volpe e boscaiolo,text,2,1,0,0,20.77,28.27,76,1,1,12,15.8,38.2,30.3,0.0,59.2,2.6,1
TI04,B4,TI,M,7,2,volpe e boscaiolo,text,3,1,0,0,9.56,14.06,45,1,1,9,20.0,80.0,60.0,0.0,15.6,4.4,1
TI04,B4,TI,M,7,2,volpe e boscaiolo,text,4,1,0,0,9.56,17.38,79,1,1,26,32.9,75.9,57.0,0.0,20.3,3.8,1
TI04,B4,TI,M,7,2,volpe e boscaiolo,text,5,1,0,0,15.45,22.32,69,1,1,18,26.1,46.4,34.8,0.0,50.7,2.9,1
TI04,B4,TI,M,7,2,volpe e boscaiolo,text,6,1,0,0,34.66,44.94,103,1,1,18,17.5,59.2,52.4,0.0,36.9,3.9,1
TI04,B4,TI,M,7,2,volpe e boscaiolo,text,7,1,0,0,43.87,52.63,88,1,1,16,18.2,43.2,38.6,0.0,51.1,5.7,1
TI04,B4,TI,M,7,2,volpe e boscaiolo,text,8,1,0,0,52.93,67.33,144,1,1,52,36.1,44.4,36.8,0.0,47.9,7.6,1
TI04,B4,TI,M,7,2,volpe e boscaiolo,text,10,1,0,0,56.85,65.11,83,1,1,28,33.7,56.6,45.8,0.0,39.8,3.6,1
TI05,B5,TI,F,7,2,tappeto,images,1,1,0,0,13.45,20.28,44,1,0,6,13.6,88.6,29.5,59.1,11.4,0.0,1
TI05,B5,TI,F,7,2,tappeto,images,2,1,0,0,9.42,13.2,38,1,0,0,0.0,100.0,13.2,68.4,0.0,0.0,0
TI05,B5,TI,F,7,2,tappeto,images,3,1,0,0,22.07,34.2,0,0,0,0,,,,,,,0
TI05,B5,TI,F,7,2,tappeto,images,4,1,0,1,42.53,48.65,0,0,0,0,,,,,,,0
TI05,B5,TI,F,7,2,tappeto,images,5,1,0,0,24.73,31.07,0,0,0,0,,,,,,,0
TI05,B5,TI,F,7,2,tappeto,images,6,0,1,0,33.29,41.84,0,0,0,0,,,,,,,0
TI05,B5,TI,F,7,2,tappeto,images,7,0,0,0,44.89,50.97,15,1,0,0,0.0,0.0,0.0,0.0,100.0,0.0,0
TI05,B5,TI,F,7,2,tappeto,images,8,1,0,0,49.48,54.1,13,1,0,0,0.0,0.0,0.0,0.0,100.0,0.0,0
TI05,B5,TI,F,7,2,tappeto,images,9,1,0,0,53.18,56.89,0,0,0,0,,,,,,,0
TI05,B5,TI,F,7,2,tappeto,images,10,0,0,0,62.35,66.82,0,0,0,0,,,,,,,0
TI05,B5,TI,F,7,2,volpe e boscaiolo,text,1,0,0,0,12.09,17.38,0,0,0,0,,,,,,,0
TI05,B5,TI,F,7,2,volpe e boscaiolo,text,2,1,0,0,20.77,28.27,0,0,0,0,,,,,,,0
TI05,B5,TI,F,7,2,volpe e boscaiolo,text,3,0,0,0,9.56,14.06,0,0,0,0,,,,,,,0
TI05,B5,TI,F,7,2,volpe e boscaiolo,text,4,1,0,0,9.56,17.38,0,0,0,0,,,,,,,0
TI05,B5,TI,F,7,2,volpe e boscaiolo,text,5,1,0,0,15.45,22.32,0,0,0,0,,,,,,,0
TI05,B5,TI,F,7,2,volpe e boscaiolo,text,6,1,0,0,34.66,44.94,0,0,0,0,,,,,,,0
TI05,B5,TI,F,7,2,volpe e boscaiolo,text,7,1,0,0,43.87,52.63,0,0,0,0,,,,,,,0
TI05,B5,TI,F,7,2,volpe e boscaiolo,text,8,0,0,0,52.93,67.33,13,1,0,12,92.3,100.0,92.3,0.0,0.0,0.0,1
TI05,B5,TI,F,7,2,volpe e boscaiolo,text,10,1,0,0,56.85,65.11,13,1,0,12,92.3,100.0,92.3,0.0,0.0,0.0,1
TI06,B6,TI,F,7,2,tappeto,images,1,1,0,0,13.45,20.28,69,1,1,29,42.0,100.0,59.4,5.8,0.0,0.0,1
TI06,B6,TI,F,7,2,tappeto,images,2,1,0,0,9.42,13.2,38,1,1,15,39.5,100.0,15.8,23.7,0.0,0.0,1
TI06,B6,TI,F,7,2,tappeto,images,3,1,0,0,22.07,34.2,121,1,1,74,61.2,90.9,48.8,22.3,1.7,7.4,1
TI06,B6,TI,F,7,2,tappeto,images,4,1,0,1,42.53,48.65,61,1,1,23,37.7,90.2,29.5,23.0,6.6,3.3,1
TI06,B6,TI,F,7,2,tappeto,images,5,1,0,0,24.73,31.07,64,1,1,41,64.1,100.0,62.5,23.4,0.0,0.0,1
TI06,B6,TI,F,7,2,tappeto,images,6,1,0,0,33.29,41.84,85,1,1,59,69.4,100.0,78.8,5.9,0.0,0.0,1
TI06,B6,TI,F,7,2,tappeto,images,7,1,0,0,44.89,50.97,61,1,1,9,14.8,90.2,19.7,21.3,6.6,3.3,1
TI06,B6,TI,F,7,2,tappeto,images,8,1,0,0,49.48,54.1,46,1,1,3,6.5,100.0,15.2,19.6,0.0,0.0,1
TI06,B6,TI,F,7,2,tappeto,images,9,1,0,0,53.18,56.89,37,1,1,16,43.2,100.0,29.7,29.7,0.0,0.0,1
TI06,B6,TI,F,7,2,tappeto,images,10,1,0,0,62.35,66.82,45,1,1,13,28.9,100.0,15.6,33.3,0.0,0.0,1
TI06,B6,TI,F,7,2,volpe e boscaiolo,text,1,1,0,0,12.09,17.38,53,1,1,19,35.8,84.9,54.7,0.0,11.3,3.8,1
TI06,B6,TI,F,7,2,volpe e boscaiolo,text,2,1,0,0,20.77,28.27,76,1,1,22,28.9,55.3,51.3,0.0,40.8,3.9,1
TI06,B6,TI,F,7,2,volpe e boscaiolo,text,3,0,1,0,9.56,14.06,45,1,1,9,20.0,64.4,31.1,0.0,31.1,4.4,1
TI06,B6,TI,F,7,2,volpe e boscaiolo,text,4,1,0,0,9.56,17.38,79,1,1,28,35.4,73.4,45.6,0.0,22.8,3.8,1
TI06,B6,TI,F,7,2,volpe e boscaiolo,text,5,1,0,0,15.45,22.32,69,1,1,45,65.2,97.1,78.3,0.0,2.9,0.0,1
TI06,B6,TI,F,7,2,volpe e boscaiolo,text,6,0,0,0,34.66,44.94,103,1,1,59,57.3,88.3,76.7,0.0,9.7,1.9,1
TI06,B6,TI,F,7,2,volpe e boscaiolo,text,7,1,0,0,43.87,52.63,88,1,1,51,58.0,89.8,77.3,0.0,10.2,0.0,1
TI06,B6,TI,F,7,2,volpe e boscaiolo,text,8,1,0,0,52.93,67.33,144,1,1,61,42.4,84.0,59.0,0.0,6.2,9.7,1
TI06,B6,TI,F,7,2,volpe e boscaiolo,text,10,1,0,0,56.85,65.11,83,1,1,34,41.0,72.3,48.2,0.0,10.8,16.9,1
TI07,B7,TI,M,7,2,tappeto,images,1,1,0,0,13.45,20.28,41,1,0,14,34.1,100.0,22.0,12.2,0.0,0.0,1
TI07,B7,TI,M,7,2,tappeto,images,2,1,0,0,9.42,13.2,12,1,0,0,0.0,58.3,8.3,8.3,0.0,41.7,0
TI07,B7,TI,M,7,2,tappeto,images,3,1,0,0,22.07,34.2,24,1,0,11,45.8,100.0,62.5,4.2,0.0,0.0,1
TI07,B7,TI,M,7,2,tappeto,images,4,1,0,1,42.53,48.65,7,1,0,6,85.7,100.0,85.7,0.0,0.0,0.0,1
TI07,B7,TI,M,7,2,tappeto,images,5,1,0,0,24.73,31.07,1,0,0,0,0.0,100.0,0.0,0.0,0.0,0.0,0
TI07,B7,TI,M,7,2,tappeto,images,6,1,0,0,33.29,41.84,7,1,0,6,85.7,100.0,85.7,14.3,0.0,0.0,1
TI07,B7,TI,M,7,2,tappeto,images,7,1,0,0,44.89,50.97,7,1,0,6,85.7,100.0,85.7,0.0,0.0,0.0,1
TI07,B7,TI,M,7,2,tappeto,images,8,0,1,0,49.48,54.1,17,1,0,0,0.0,11.8,0.0,0.0,0.0,88.2,0
TI07,B7,TI,M,7,2,tappeto,images,9,1,0,0,53.18,56.89,33,1,0,7,21.2,57.6,9.1,30.3,0.0,42.4,1
TI07,B7,TI,M,7,2,tappeto,images,10,1,0,0,62.35,66.82,16,1,0,3,18.8,100.0,50.0,0.0,0.0,0.0,1
TI07,B7,TI,M,7,2,volpe e boscaiolo,text,1,1,0,0,12.09,17.38,48,1,1,9,18.8,37.5,33.3,0.0,45.8,16.7,1
TI07,B7,TI,M,7,2,volpe e boscaiolo,text,2,1,0,0,20.77,28.27,26,1,1,12,46.2,92.3,53.8,0.0,0.0,7.7,1
TI07,B7,TI,M,7,2,volpe e boscaiolo,text,3,1,0,0,9.56,14.06,17,1,1,4,23.5,35.3,35.3,0.0,58.8,5.9,1
TI07,B7,TI,M,7,2,volpe e boscaiolo,text,4,1,0,0,9.56,17.38,48,1,1,14,29.2,37.5,33.3,0.0,45.8,16.7,1
TI07,B7,TI,M,7,2,volpe e boscaiolo,text,5,0,0,0,15.45,22.32,34,1,1,4,11.8,38.2,29.4,0.0,32.4,29.4,1
TI07,B7,TI,M,7,2,volpe e boscaiolo,text,6,1,0,0,34.66,44.94,40,1,1,5,12.5,35.0,12.5,0.0,40.0,25.0,1
TI07,B7,TI,M,7,2,volpe e boscaiolo,text,7,1,0,0,43.87,52.63,74,1,1,0,0.0,91.9,4.1,0.0,8.1,0.0,0
TI07,B7,TI,M,7,2,volpe e boscaiolo,text,8,0,0,0,52.93,67.33,97,1,1,40,41.2,93.8,41.2,0.0,0.0,6.2,1
TI07,B7,TI,M,7,2,volpe e boscaiolo,text,10,1,0,0,56.85,65.11,48,1,1,25,52.1,87.5,52.1,0.0,0.0,12.5,1
TI08,B8,TI,M,8,1,tappeto,images,1,0,0,0,13.45,20.28,59,1,1,0,0.0,0.0,0.0,0.0,25.4,74.6,0
TI08,B8,TI,M,8,1,tappeto,images,2,1,0,0,9.42,13.2,38,1,1,0,0.0,0.0,0.0,0.0,65.8,34.2,0
TI08,B8,TI,M,8,1,tappeto,images,3,1,0,0,22.07,34.2,7,1,1,0,0.0,0.0,0.0,0.0,57.1,42.9,0
TI08,B8,TI,M,8,1,tappeto,images,4,0,0,1,42.53,48.65,61,1,1,0,0.0,0.0,0.0,0.0,16.4,83.6,0
TI08,B8,TI,M,8,1,tappeto,images,5,1,0,0,24.73,31.07,0,0,1,0,,,,,,,0
TI08,B8,TI,M,8,1,tappeto,images,6,1,0,0,33.29,41.84,73,1,1,0,0.0,0.0,0.0,0.0,41.1,58.9,0
TI08,B8,TI,M,8,1,tappeto,images,7,1,0,0,44.89,50.97,60,1,1,0,0.0,0.0,0.0,0.0,16.7,83.3,0
TI08,B8,TI,M,8,1,tappeto,images,8,1,0,0,49.48,54.1,46,1,1,0,0.0,0.0,0.0,0.0,10.9,89.1,0
TI08,B8,TI,M,8,1,tappeto,images,9,1,0,0,53.18,56.89,38,1,1,0,0.0,0.0,0.0,0.0,0.0,100.0,0
TI08,B8,TI,M,8,1,tappeto,images,10,1,0,0,62.35,66.82,45,1,1,0,0.0,0.0,0.0,0.0,4.4,95.6,0
TI08,B8,TI,M,8,1,volpe e boscaiolo,text,1,1,0,0,12.09,17.38,53,1,1,0,0.0,0.0,0.0,0.0,37.7,62.3,0
TI08,B8,TI,M,8,1,volpe e boscaiolo,text,2,1,0,0,20.77,28.27,75,1,1,0,0.0,0.0,0.0,0.0,12.0,88.0,0
TI08,B8,TI,M,8,1,volpe e boscaiolo,text,3,1,0,0,9.56,14.06,45,1,1,0,0.0,0.0,0.0,0.0,40.0,60.0,0
TI08,B8,TI,M,8,1,volpe e boscaiolo,text,4,1,0,0,9.56,17.38,79,1,1,0,0.0,0.0,0.0,0.0,44.3,55.7,0
TI08,B8,TI,M,8,1,volpe e boscaiolo,text,5,1,0,0,15.45,22.32,69,1,1,0,0.0,0.0,0.0,0.0,13.0,87.0,0
TI08,B8,TI,M,8,1,volpe e boscaiolo,text,6,0,0,0,34.66,44.94,82,1,1,0,0.0,0.0,0.0,0.0,11.0,89.0,0
TI08,B8,TI,M,8,1,volpe e boscaiolo,text,7,1,0,0,43.87,52.63,88,1,1,0,0.0,0.0,0.0,0.0,8.0,92.0,0
TI08,B8,TI,M,8,1,volpe e boscaiolo,text,8,0,0,0,52.93,67.33,134,1,1,0,0.0,0.0,0.0,0.0,17.2,82.8,0
TI08,B8,TI,M,8,1,volpe e boscaiolo,text,10,0,0,0,56.85,65.11,79,1,1,0,0.0,0.0,0.0,0.0,11.4,88.6,0
TI09,B9,TI,F,7,1,tappeto,images,1,0,0,0,13.45,20.28,68,1,1,18,26.5,92.6,39.7,47.1,5.9,1.5,1
TI09,B9,TI,F,7,1,tappeto,images,2,1,0,0,9.42,13.2,38,1,1,13,34.2,81.6,23.7,34.2,15.8,2.6,1
TI09,B9,TI,F,7,1,tappeto,images,3,1,0,0,22.07,34.2,122,1,1,69,56.6,76.2,22.1,41.0,21.3,2.5,1
TI09,B9,TI,F,7,1,tappeto,images,4,1,0,1,42.53,48.65,61,1,1,36,59.0,100.0,52.5,34.4,0.0,0.0,1
TI09,B9,TI,F,7,1,tappeto,images,5,1,0,0,24.73,31.07,63,1,1,22,34.9,88.9,27.0,46.0,9.5,1.6,1
TI09,B9,TI,F,7,1,tappeto,images,6,0,0,0,33.29,41.84,85,1,1,55,64.7,78.8,31.8,45.9,18.8,2.4,1
TI09,B9,TI,F,7,1,tappeto,images,7,1,0,0,44.89,50.97,60,1,1,29,48.3,100.0,53.3,33.3,0.0,0.0,1
TI09,B9,TI,F,7,1,tappeto,images,8,0,0,0,49.48,54.1,46,1,1,18,39.1,100.0,41.3,30.4,0.0,0.0,1
TI09,B9,TI,F,7,1,tappeto,images,9,1,0,0,53.18,56.89,38,1,1,10,26.3,73.7,23.7,47.4,21.1,5.3,1
TI09,B9,TI,F,7,1,tappeto,images,10,0,0,0,62.35,66.82,45,1,1,12,26.7,80.0,46.7,28.9,15.6,4.4,1
TI09,B9,TI,F,7,1,volpe e boscaiolo,text,1,0,1,0,12.09,17.38,53,1,1,13,24.5,62.3,41.5,0.0,32.1,5.7,1
TI09,B9,TI,F,7,1,volpe e boscaiolo,text,2,1,0,0,20.77,28.27,75,1,1,13,17.3,18.7,18.7,0.0,65.3,16.0,1
TI09,B9,TI,F,7,1,volpe e boscaiolo,text,3,0,0,0,9.56,14.06,45,1,1,8,17.8,53.3,40.0,0.0,35.6,11.1,1
TI09,B9,TI,F,7,1,volpe e boscaiolo,text,4,1,0,0,9.56,17.38,78,1,1,21,26.9,56.4,42.3,0.0,35.9,7.7,1
TI09,B9,TI,F,7,1,volpe e boscaiolo,text,5,1,0,0,15.45,22.32,68,1,1,5,7.4,22.1,14.7,0.0,75.0,2.9,1
TI09,B9,TI,F,7,1,volpe e boscaiolo,text,6,1,0,0,34.66,44.94,102,1,1,4,3.9,3.9,3.9,0.0,87.3,8.8,1
TI09,B9,TI,F,7,1,volpe e boscaiolo,text,7,0,0,0,43.87,52.63,87,1,1,4,4.6,16.1,16.1,0.0,73.6,10.3,1
TI09,B9,TI,F,7,1,volpe e boscaiolo,text,8,1,0,0,52.93,67.33,144,1,1,0,0.0,1.4,0.7,0.0,91.7,6.9,0
TI09,B9,TI,F,7,1,volpe e boscaiolo,text,10,0,0,0,56.85,65.11,83,1,1,0,0.0,0.0,0.0,0.0,100.0,0.0,0
TI10,B10,TI,M,10,4,delfino,text,1,1,0,0,4.82,9.56,47,1,1,25,53.2,100.0,80.9,0.0,0.0,0.0,1
TI10,B10,TI,M,10,4,delfino,text,2,1,0,0,29.59,38.61,90,1,1,60,66.7,98.9,76.7,0.0,0.0,1.1,1
TI10,B10,TI,M,10,4,delfino,text,3,1,0,0,24.4,33.43,90,1,1,53,58.9,98.9,67.8,0.0,0.0,1.1,1
TI10,B10,TI,M,10,4,delfino,text,4,0,0,0,38.84,46.79,80,1,1,37,46.2,62.5,51.2,0.0,35.0,2.5,1
TI10,B10,TI,M,10,4,delfino,text,5,1,0,0,53.32,58.41,51,1,1,26,51.0,100.0,80.4,0.0,0.0,0.0,1
TI10,B10,TI,M,10,4,delfino,text,6,1,0,0,59.99,68.0,77,1,1,41,53.2,62.3,55.8,0.0,7.8,29.9,1
TI10,B10,TI,M,10,4,delfino,text,7,0,0,0,49.96,60.65,107,1,1,57,53.3,85.0,72.0,0.0,1.9,13.1,1
TI10,B10,TI,M,10,4,delfino,text,8,1,0,0,74.03,77.66,36,1,1,14,38.9,86.1,69.4,0.0,13.9,0.0,1
TI10,B10,TI,M,10,4,delfino,text,9,0,0,0,77.45,94.46,170,1,1,95,55.9,76.5,66.5,0.0,14.1,9.4,1
TI10,B10,TI,M,10,4,delfino,text,10,1,0,0,102.12,107.64,55,1,1,30,54.5,100.0,83.6,0.0,0.0,0.0,1
TI10,B10,TI,M,10,4,delfino,text,11,0,0,0,124.29,131.85,75,1,1,44,58.7,100.0,92.0,0.0,0.0,0.0,1
TI10,B10,TI,M,10,4,delfino,text,12,0,0,0,135.36,140.65,53,1,1,28,52.8,100.0,92.5,0.0,0.0,0.0,1
TI10,B10,TI,M,10,4,delfino,text,13,1,0,1,15.78,22.17,64,1,1,32,50.0,89.1,82.8,0.0,9.4,1.6,1
TI10,B10,TI,M,10,4,panda,images,1,1,0,0,5.29,12.93,66,1,1,21,31.8,87.9,27.3,34.8,12.1,0.0,1
TI10,B10,TI,M,10,4,panda,images,2,0,0,0,25.04,33.62,64,1,1,44,68.8,87.5,37.5,31.2,10.9,1.6,1
TI10,B10,TI,M,10,4,panda,images,3,1,0,0,42.56,52.89,61,1,1,28,45.9,83.6,39.3,16.4,3.3,13.1,1
TI10,B10,TI,M,10,4,panda,images,4,0,0,0,51.96,59.71,72,1,1,39,54.2,91.7,27.8,30.6,0.0,8.3,1
TI10,B10,TI,M,10,4,panda,images,5,0,0,0,53.78,62.57,83,1,1,26,31.3,95.2,33.7,36.1,3.6,1.2,1
TI10,B10,TI,M,10,4,panda,images,6,1,0,0,32.17,38.77,66,1,1,24,36.4,83.3,57.6,21.2,16.7,0.0,1
TI10,B10,TI,M,10,4,panda,images,7,1,0,0,64.78,74.1,93,1,1,56,60.2,81.7,25.8,35.5,15.1,3.2,1
TI10,B10,TI,M,10,4,panda,images,8,0,0,0,73.19,79.92,68,1,1,32,47.1,98.5,47.1,25.0,0.0,1.5,1
TI10,B10,TI,M,10,4,panda,images,9,0,0,0,84.51,91.09,54,1,1,10,18.5,96.3,57.4,9.3,0.0,3.7,1
TI10,B10,TI,M,10,4,panda,images,10,0,0,0,77.81,85.87,80,1,1,24,30.0,100.0,60.0,22.5,0.0,0.0,1
TI10,B10,TI,M,10,4,panda,images,11,1,0,0,11.57,21.35,88,1,1,42,47.7,81.8,34.1,22.7,17.0,1.1,1
TI10,B10,TI,M,10,4,panda,images,12,1,0,0,95.99,104.0,62,1,1,19,30.6,83.9,33.9,4.8,3.2,12.9,1
TI11,B11,TI,M,7,1,tappeto,images,1,0,0,0,13.45,20.28,69,1,1,0,0.0,78.3,49.3,23.2,0.0,21.7,0
TI11,B11,TI,M,7,1,tappeto,images,2,1,0,0,9.42,13.2,38,1,1,0,0.0,100.0,0.0,65.8,0.0,0.0,0
TI11,B11,TI,M,7,1,tappeto,images,3,1,0,0,22.07,34.2,112,1,1,43,38.4,77.7,51.8,8.0,8.0,14.3,1
TI11,B11,TI,M,7,1,tappeto,images,4,1,0,1,42.53,48.65,62,1,1,23,37.1,100.0,98.4,0.0,0.0,0.0,1
TI11,B11,TI,M,7,1,tappeto,images,5,1,0,0,24.73,31.07,64,1,1,22,34.4,84.4,64.1,0.0,4.7,10.9,1
TI11,B11,TI,M,7,1,tappeto,images,6,1,0,0,33.29,41.84,86,1,1,55,64.0,88.4,64.0,24.4,8.1,3.5,1
TI11,B11,TI,M,7,1,tappeto,images,7,1,0,0,44.89,50.97,61,1,1,0,0.0,100.0,98.4,0.0,0.0,0.0,0
TI11,B11,TI,M,7,1,tappeto,images,8,1,0,0,49.48,54.1,46,1,1,13,28.3,87.0,87.0,0.0,0.0,13.0,1
TI11,B11,TI,M,7,1,tappeto,images,9,1,0,0,53.18,56.89,37,1,1,0,0.0,89.2,89.2,0.0,0.0,10.8,0
TI11,B11,TI,M,7,1,tappeto,images,10,1,0,0,62.35,66.82,44,1,1,0,0.0,77.3,56.8,0.0,18.2,4.5,0
TI11,B11,TI,M,7,1,volpe e boscaiolo,text,1,1,0,0,12.09,17.38,53,1,1,10,18.9,60.4,56.6,0.0,9.4,30.2,1
TI11,B11,TI,M,7,1,volpe e boscaiolo,text,2,1,0,0,20.77,28.27,75,1,1,20,26.7,66.7,65.3,0.0,16.0,17.3,1
TI11,B11,TI,M,7,1,volpe e boscaiolo,text,3,1,0,0,9.56,14.06,45,1,1,11,24.4,40.0,40.0,0.0,46.7,13.3,1
TI11,B11,TI,M,7,1,volpe e boscaiolo,text,4,1,0,0,9.56,17.38,78,1,1,29,37.2,48.7,46.2,0.0,30.8,20.5,1
TI11,B11,TI,M,7,1,volpe e boscaiolo,text,5,1,0,0,15.45,22.32,69,1,1,12,17.4,49.3,49.3,0.0,43.5,7.2,1
TI11,B11,TI,M,7,1,volpe e boscaiolo,text,6,0,0,0,34.66,44.94,103,1,1,25,24.3,55.3,51.5,0.0,43.7,1.0,1
TI11,B11,TI,M,7,1,volpe e boscaiolo,text,7,1,0,0,43.87,52.63,88,1,1,41,46.6,72.7,71.6,0.0,25.0,2.3,1
TI11,B11,TI,M,7,1,volpe e boscaiolo,text,8,1,0,0,52.93,67.33,144,1,1,78,54.2,86.1,81.9,0.0,5.6,8.3,1
TI11,B11,TI,M,7,1,volpe e boscaiolo,text,10,1,0,0,56.85,65.11,83,1,1,17,20.5,75.9,69.9,0.0,9.6,14.5,1
TI12,B12,TI,F,9,4,delfino,text,1,1,0,0,4.82,9.56,48,1,1,21,43.8,100.0,70.8,0.0,0.0,0.0,1
TI12,B12,TI,F,9,4,delfino,text,2,0,0,0,29.59,38.61,90,1,1,63,70.0,91.1,87.8,0.0,7.8,1.1,1
TI12,B12,TI,F,9,4,delfino,text,3,0,0,0,24.4,33.43,90,1,1,53,58.9,95.6,80.0,0.0,0.0,4.4,1
TI12,B12,TI,F,9,4,delfino,text,4,0,0,0,38.84,46.79,80,1,1,25,31.2,92.5,43.8,0.0,3.8,3.8,1
TI12,B12,TI,F,9,4,delfino,text,5,1,0,0,53.32,58.41,51,1,1,28,54.9,84.3,72.5,0.0,11.8,3.9,1
TI12,B12,TI,F,9,4,delfino,text,6,0,0,0,59.99,68.0,80,1,1,44,55.0,86.2,57.5,0.0,12.5,1.2,1
TI12,B12,TI,F,9,4,delfino,text,7,1,0,0,49.96,60.65,107,1,1,59,55.1,87.9,58.9,0.0,10.3,1.9,1
TI12,B12,TI,F,9,4,delfino,text,8,1,0,0,74.03,77.66,37,1,1,1,2.7,91.9,21.6,0.0,5.4,2.7,1
TI12,B12,TI,F,9,4,delfino,text,9,1,0,0,77.45,94.46,170,1,1,74,43.5,98.8,44.1,0.0,0.0,1.2,1
TI12,B12,TI,F,9,4,delfino,text,10,1,0,0,102.12,107.64,55,1,1,29,52.7,87.3,74.5,0.0,10.9,1.8,1
TI12,B12,TI,F,9,4,delfino,text,11,1,0,0,124.29,131.85,76,1,1,7,9.2,73.7,31.6,0.0,2.6,23.7,1
TI12,B12,TI,F,9,4,delfino,text,12,0,0,0,135.36,140.65,53,1,1,17,32.1,100.0,58.5,0.0,0.0,0.0,1
TI12,B12,TI,F,9,4,delfino,text,13,0,0,1,15.78,22.17,64,1,1,48,75.0,93.8,93.8,0.0,6.2,0.0,1
TI12,B12,TI,F,9,4,panda,images,1,0,0,0,5.29,12.93,77,1,1,0,0.0,0.0,0.0,0.0,0.0,100.0,0
TI12,B12,TI,F,9,4,panda,images,2,1,0,0,25.04,33.62,85,1,1,0,0.0,0.0,0.0,0.0,0.0,100.0,0
TI12,B12,TI,F,9,4,panda,images,3,0,0,0,42.56,52.89,103,1,1,0,0.0,0.0,0.0,0.0,0.0,100.0,0
TI12,B12,TI,F,9,4,panda,images,4,1,0,0,51.96,59.71,77,1,1,0,0.0,0.0,0.0,0.0,0.0,100.0,0
TI12,B12,TI,F,9,4,panda,images,5,0,1,0,53.78,62.57,88,1,1,0,0.0,0.0,0.0,0.0,0.0,100.0,0
TI12,B12,TI,F,9,4,panda,images,6,0,0,0,32.17,38.77,66,1,1,0,0.0,0.0,0.0,0.0,0.0,100.0,0
TI12,B12,TI,F,9,4,panda,images,7,1,0,0,64.78,74.1,93,1,1,0,0.0,0.0,0.0,0.0,6.5,93.5,0
TI12,B12,TI,F,9,4,panda,images,8,1,0,0,73.19,79.92,67,1,1,0,0.0,0.0,0.0,0.0,0.0,100.0,0
TI12,B12,TI,F,9,4,panda,images,9,1,0,0,84.51,91.09,66,1,1,0,0.0,0.0,0.0,0.0,0.0,100.0,0
TI12,B12,TI,F,9,4,panda,images,10,1,0,0,77.81,85.87,81,1,1,1,1.2,1.2,0.0,1.2,1.2,97.5,1
TI12,B12,TI,F,9,4,panda,images,11,1,0,0,11.57,21.35,98,1,1,0,0.0,0.0,0.0,0.0,0.0,100.0,0
TI12,B12,TI,F,9,4,panda,images,12,0,0,0,95.99,104.0,80,1,1,0,0.0,0.0,0.0,0.0,0.0,100.0,0
TI13,B13,TI,F,10,4,delfino,text,1,1,0,0,4.82,9.56,48,1,1,27,56.2,100.0,81.2,0.0,0.0,0.0,1
TI13,B13,TI,F,10,4,delfino,text,2,0,0,0,29.59,38.61,90,1,1,45,50.0,98.9,88.9,0.0,0.0,1.1,1
TI13,B13,TI,F,10,4,delfino,text,3,1,0,0,24.4,33.43,90,1,1,47,52.2,83.3,71.1,0.0,15.6,1.1,1
TI13,B13,TI,F,10,4,delfino,text,4,1,0,0,38.84,46.79,80,1,1,43,53.8,98.8,88.8,0.0,0.0,1.2,1
TI13,B13,TI,F,10,4,delfino,text,5,0,0,0,53.32,58.41,51,1,1,29,56.9,98.0,72.5,0.0,0.0,2.0,1
TI13,B13,TI,F,10,4,delfino,text,6,1,0,0,59.99,68.0,80,1,1,59,73.8,98.8,87.5,0.0,0.0,1.2,1
TI13,B13,TI,F,10,4,delfino,text,7,0,0,0,49.96,60.65,107,1,1,76,71.0,99.1,84.1,0.0,0.0,0.9,1
TI13,B13,TI,F,10,4,delfino,text,8,0,0,0,74.03,77.66,37,1,1,17,45.9,100.0,81.1,0.0,0.0,0.0,1
TI13,B13,TI,F,10,4,delfino,text,9,0,0,0,77.45,94.46,170,1,1,84,49.4,85.3,61.8,0.0,0.0,14.7,1
TI13,B13,TI,F,10,4,delfino,text,10,1,0,0,102.12,107.64,55,1,1,15,27.3,56.4,54.5,0.0,40.0,3.6,1
TI13,B13,TI,F,10,4,delfino,text,11,0,0,0,124.29,131.85,76,1,1,48,63.2,100.0,92.1,0.0,0.0,0.0,1
TI13,B13,TI,F,10,4,delfino,text,12,1,0,0,135.36,140.65,53,1,1,24,45.3,98.1,84.9,0.0,0.0,1.9,1
TI13,B13,TI,F,10,4,delfino,text,13,0,0,1,15.78,22.17,64,1,1,17,26.6,70.3,56.2,0.0,26.6,3.1,1
TI13,B13,TI,F,10,4,panda,images,1,0,0,0,5.29,12.93,76,1,1,48,63.2,100.0,38.2,50.0,0.0,0.0,1
TI13,B13,TI,F,10,4,panda,images,2,0,0,0,25.04,33.62,86,1,1,57,66.3,100.0,36.0,45.3,0.0,0.0,1
TI13,B13,TI,F,10,4,panda,images,3,0,0,0,42.56,52.89,98,1,1,64,65.3,98.0,45.9,21.4,0.0,2.0,1
TI13,B13,TI,F,10,4,panda,images,4,1,0,0,51.96,59.71,78,1,1,55,70.5,100.0,35.9,51.3,0.0,0.0,1
TI13,B13,TI,F,10,4,panda,images,5,1,0,0,53.78,62.57,88,1,1,59,67.0,100.0,38.6,50.0,0.0,0.0,1
TI13,B13,TI,F,10,4,panda,images,6,0,0,0,32.17,38.77,66,1,1,42,63.6,100.0,86.4,0.0,0.0,0.0,1
TI13,B13,TI,F,10,4,panda,images,7,0,0,0,64.78,74.1,92,1,1,53,57.6,96.7,43.5,31.5,3.3,0.0,1
TI13,B13,TI,F,10,4,panda,images,8,1,0,0,73.19,79.92,48,1,1,11,22.9,81.2,8.3,35.4,0.0,18.8,1
TI13,B13,TI,F,10,4,panda,images,9,0,0,0,84.51,91.09,66,1,1,27,40.9,100.0,43.9,43.9,0.0,0.0,1
TI13,B13,TI,F,10,4,panda,images,10,1,0,0,77.81,85.87,46,1,1,28,60.9,80.4,37.0,34.8,0.0,19.6,1
TI13,B13,TI,F,10,4,panda,images,11,0,0,0,11.57,21.35,97,1,1,66,68.0,97.9,40.2,36.1,0.0,2.1,1
TI13,B13,TI,F,10,4,panda,images,12,0,0,0,95.99,104.0,55,1,1,39,70.9,100.0,70.9,23.6,0.0,0.0,1
TI14,B14,TI,M,11,5,anguille,text,1,1,0,0,14.27,25.43,112,1,1,68,60.7,79.5,74.1,0.0,14.3,6.2,1
TI14,B14,TI,M,11,5,anguille,text,2,1,0,0,45.05,52.6,76,1,1,38,50.0,100.0,92.1,0.0,0.0,0.0,1
TI14,B14,TI,M,11,5,anguille,text,3,1,0,0,51.79,58.99,72,1,1,42,58.3,100.0,91.7,0.0,0.0,0.0,1
TI14,B14,TI,M,11,5,anguille,text,4,1,0,0,57.35,65.49,82,1,1,53,64.6,100.0,91.5,0.0,0.0,0.0,1
TI14,B14,TI,M,11,5,anguille,text,5,0,0,0,72.57,83.06,105,1,1,61,58.1,86.7,77.1,0.0,6.7,6.7,1
TI14,B14,TI,M,11,5,anguille,text,6,1,0,0,88.18,94.18,60,1,1,37,61.7,93.3,70.0,0.0,5.0,1.7,1
TI14,B14,TI,M,11,5,anguille,text,7,0,0,0,99.71,105.28,56,1,1,30,53.6,94.6,80.4,0.0,5.4,0.0,1
TI14,B14,TI,M,11,5,anguille,text,8,1,0,0,75.11,80.99,59,1,1,30,50.8,88.1,86.4,0.0,11.9,0.0,1
TI14,B14,TI,M,11,5,anguille,text,9,1,0,0,52.79,60.78,80,1,1,54,67.5,100.0,92.5,0.0,0.0,0.0,1
TI14,B14,TI,M,11,5,anguille,text,10,0,1,0,57.35,65.49,82,1,1,53,64.6,100.0,91.5,0.0,0.0,0.0,1
TI14,B14,TI,M,11,5,orso,images,1,0,0,0,15.27,30.77,155,1,1,60,38.7,99.4,33.5,9.0,0.0,0.6,1
TI14,B14,TI,M,11,5,orso,images,2,1,0,0,33.24,47.71,144,1,1,67,46.5,96.5,53.5,4.9,0.0,3.5,1
TI14,B14,TI,M,11,5,orso,images,3,0,0,0,43.05,55.64,126,1,1,79,62.7,99.2,60.3,10.3,0.0,0.8,1
TI14,B14,TI,M,11,5,orso,images,4,1,0,0,45.88,55.64,98,1,1,54,55.1,99.0,71.4,13.3,0.0,1.0,1
TI14,B14,TI,M,11,5,orso,images,5,0,0,0,61.8,70.0,82,1,1,27,32.9,75.6,35.4,3.7,15.9,8.5,1
TI14,B14,TI,M,11,5,orso,images,6,1,0,0,73.95,81.96,80,1,1,39,48.8,98.8,51.2,13.8,0.0,1.2,1
TI14,B14,TI,M,11,5,orso,images,7,0,0,0,83.14,90.27,71,1,1,32,45.1,90.1,52.1,5.6,5.6,4.2,1
TI14,B14,TI,M,11,5,orso,images,8,1,0,0,89.06,96.94,79,1,1,40,50.6,100.0,65.8,0.0,0.0,0.0,1
TI14,B14,TI,M,11,5,orso,images,9,0,0,0,105.78,116.21,104,1,1,57,54.8,80.8,57.7,9.6,19.2,0.0,1
TI14,B14,TI,M,11,5,orso,images,10,1,0,0,117.35,132.11,143,1,1,67,46.9,100.0,74.8,4.2,0.0,0.0,1
TI14,B14,TI,M,11,5,orso,images,11,0,0,0,132.04,144.84,128,1,1,87,68.0,93.8,30.5,44.5,6.2,0.0,1
TI14,B14,TI,M,11,5,orso,images,12,0,0,1,138.59,148.65,101,1,1,54,53.5,100.0,33.7,47.5,0.0,0.0,1
TI14,B14,TI,M,11,5,orso,images,13,0,0,0,132.04,142.13,100,1,1,63,63.0,92.0,27.0,45.0,8.0,0.0,1
TI14,B14,TI,M,11,5,orso,images,14,0,0,0,152.41,165.21,128,1,1,85,66.4,94.5,49.2,25.0,2.3,3.1,1
TI15,B15,TI,M,8,2,tappeto,images,1,0,0,0,13.45,20.28,68,1,1,0,0.0,86.8,19.1,63.2,8.8,4.4,0
TI15,B15,TI,M,8,2,tappeto,images,2,1,0,0,9.42,13.2,38,1,1,0,0.0,84.2,26.3,23.7,13.2,2.6,0
TI15,B15,TI,M,8,2,tappeto,images,3,1,0,0,22.07,34.2,121,1,1,37,30.6,81.8,47.9,9.9,12.4,5.8,1
TI15,B15,TI,M,8,2,tappeto,images,4,1,0,1,42.53,48.65,61,1,1,8,13.1,63.9,18.0,31.1,11.5,24.6,1
TI15,B15,TI,M,8,2,tappeto,images,5,1,0,0,24.73,31.07,63,1,1,11,17.5,82.5,63.5,0.0,11.1,6.3,1
TI15,B15,TI,M,8,2,tappeto,images,6,1,0,0,33.29,41.84,86,1,1,10,11.6,54.7,33.7,14.0,37.2,8.1,1
TI15,B15,TI,M,8,2,tappeto,images,7,0,0,0,44.89,50.97,61,1,1,5,8.2,70.5,45.9,16.4,4.9,24.6,1
TI15,B15,TI,M,8,2,tappeto,images,8,1,0,0,49.48,54.1,47,1,1,12,25.5,91.5,80.9,10.6,6.4,2.1,1
TI15,B15,TI,M,8,2,tappeto,images,9,1,0,0,53.18,56.89,37,1,1,0,0.0,89.2,27.0,59.5,8.1,2.7,0
TI15,B15,TI,M,8,2,tappeto,images,10,0,0,0,62.35,66.82,45,1,1,0,0.0,8.9,8.9,0.0,88.9,2.2,0
TI15,B15,TI,M,8,2,volpe e boscaiolo,text,1,0,1,0,12.09,17.38,53,1,1,0,0.0,15.1,15.1,0.0,66.0,18.9,0
TI15,B15,TI,M,8,2,volpe e boscaiolo,text,2,1,0,0,20.77,28.27,47,1,1,6,12.8,78.7,23.4,0.0,10.6,10.6,1
TI15,B15,TI,M,8,2,volpe e boscaiolo,text,3,1,0,0,9.56,14.06,45,1,1,7,15.6,37.8,37.8,0.0,53.3,8.9,1
TI15,B15,TI,M,8,2,volpe e boscaiolo,text,4,1,0,0,9.56,17.38,79,1,1,7,8.9,21.5,21.5,0.0,64.6,13.9,1
TI15,B15,TI,M,8,2,volpe e boscaiolo,text,5,1,0,0,15.45,22.32,65,1,1,4,6.2,29.2,12.3,0.0,52.3,18.5,1
TI15,B15,TI,M,8,2,volpe e boscaiolo,text,6,1,0,0,34.66,44.94,93,1,1,0,0.0,5.4,5.4,0.0,69.9,24.7,0
TI15,B15,TI,M,8,2,volpe e boscaiolo,text,7,0,1,0,43.87,52.63,87,1,1,13,14.9,29.9,14.9,0.0,52.9,17.2,1
TI15,B15,TI,M,8,2,volpe e boscaiolo,text,8,0,1,0,52.93,67.33,144,1,1,14,9.7,9.7,9.7,0.0,79.2,11.1,1
TI15,B15,TI,M,8,2,volpe e boscaiolo,text,10,0,1,0,56.85,65.11,83,1,1,8,9.6,12.0,12.0,0.0,74.7,13.3,1
TI16,B16,TI,F,9,3,gatta,text,1,0,0,0,10.3,14.92,47,1,1,24,51.1,100.0,83.0,0.0,0.0,0.0,1
TI16,B16,TI,F,9,3,gatta,text,2,1,0,0,7.77,17.36,96,1,1,52,54.2,82.3,69.8,0.0,16.7,1.0,1
TI16,B16,TI,F,9,3,gatta,text,3,1,0,0,14.02,20.69,66,1,1,26,39.4,69.7,54.5,0.0,28.8,1.5,1
TI16,B16,TI,F,9,3,gatta,text,4,1,0,0,34.03,43.12,91,1,1,60,65.9,98.9,79.1,0.0,1.1,0.0,1
TI16,B16,TI,F,9,3,gatta,text,5,1,0,0,45.0,50.24,52,1,1,29,55.8,98.1,76.9,0.0,0.0,1.9,1
TI16,B16,TI,F,9,3,gatta,text,6,1,0,0,49.34,56.93,76,1,1,36,47.4,93.4,65.8,0.0,5.3,1.3,1
TI16,B16,TI,F,9,3,gatta,text,7,1,0,0,54.43,60.77,63,1,1,34,54.0,100.0,68.3,0.0,0.0,0.0,1
TI16,B16,TI,F,9,3,gatta,text,8,1,0,0,64.63,78.5,96,1,1,34,35.4,78.1,66.7,0.0,13.5,8.3,1
TI16,B16,TI,F,9,3,gatta,text,9,1,0,0,69.51,74.71,44,1,1,6,13.6,52.3,47.7,0.0,29.5,18.2,1
TI16,B16,TI,F,9,3,gatta,text,10,0,0,0,79.12,86.06,0,0,1,0,,,,,,,0
TI16,B16,TI,F,9,3,gatta,text,11,1,0,0,84.39,90.41,0,0,1,0,,,,,,,0
TI16,B16,TI,F,9,3,gatta,text,12,1,0,0,90.9,100.0,0,0,1,0,,,,,,,0
TI16,B16,TI,F,9,3,sbadiglio,images,1,1,0,0,7.45,12.59,13,1,0,0,0.0,100.0,7.7,0.0,0.0,0.0,0
TI16,B16,TI,F,9,3,sbadiglio,images,2,1,0,0,11.28,16.71,0,0,0,0,,,,,,,0
TI16,B16,TI,F,9,3,sbadiglio,images,3,0,0,0,20.08,27.47,0,0,0,0,,,,,,,0
TI16,B16,TI,F,9,3,sbadiglio,images,4,1,0,0,35.85,47.6,0,0,0,0,,,,,,,0
TI16,B16,TI,F,9,3,sbadiglio,images,5,1,0,0,64.73,78.41,0,0,0,0,,,,,,,0
TI16,B16,TI,F,9,3,sbadiglio,images,6,0,0,0,45.83,58.99,0,0,0,0,,,,,,,0
TI16,B16,TI,F,9,3,sbadiglio,images,7,0,0,0,28.34,35.44,0,0,0,0,,,,,,,0
TI16,B16,TI,F,9,3,sbadiglio,images,8,1,0,0,85.54,89.76,0,0,0,0,,,,,,,0
TI16,B16,TI,F,9,3,sbadiglio,images,9,1,0,0,79.04,92.45,0,0,0,0,,,,,,,0
TI16,B16,TI,F,9,3,sbadiglio,images,10,0,0,0,90.9,98.51,0,0,0,0,,,,,,,0
TI17,B17,TI,F,9,3,gatta,text,1,0,0,0,10.3,14.92,46,1,1,7,15.2,43.5,43.5,0.0,56.5,0.0,1
TI17,B17,TI,F,9,3,gatta,text,2,0,0,0,7.77,17.36,96,1,1,36,37.5,59.4,53.1,0.0,40.6,0.0,1
TI17,B17,TI,F,9,3,gatta,text,3,1,0,0,14.02,20.69,67,1,1,27,40.3,67.2,47.8,0.0,32.8,0.0,1
TI17,B17,TI,F,9,3,gatta,text,4,1,0,0,34.03,43.12,91,1,1,8,8.8,19.8,19.8,0.0,79.1,1.1,1
TI17,B17,TI,F,9,3,gatta,text,5,1,0,0,45.0,50.24,52,1,1,26,50.0,98.1,67.3,0.0,0.0,1.9,1
TI17,B17,TI,F,9,3,gatta,text,6,0,0,0,49.34,56.93,76,1,1,45,59.2,100.0,69.7,0.0,0.0,0.0,1
TI17,B17,TI,F,9,3,gatta,text,7,1,0,0,54.43,60.77,64,1,1,26,40.6,89.1,56.2,0.0,9.4,1.6,1
TI17,B17,TI,F,9,3,gatta,text,8,1,0,0,64.63,78.5,139,1,1,91,65.5,91.4,69.1,0.0,5.0,3.6,1
TI17,B17,TI,F,9,3,gatta,text,9,0,0,0,69.51,74.71,52,1,1,34,65.4,100.0,86.5,0.0,0.0,0.0,1
TI17,B17,TI,F,9,3,gatta,text,10,0,0,0,79.12,86.06,70,1,1,40,57.1,81.4,65.7,0.0,7.1,11.4,1
TI17,B17,TI,F,9,3,gatta,text,11,0,0,0,84.39,90.41,60,1,1,33,55.0,86.7,68.3,0.0,8.3,5.0,1
TI17,B17,TI,F,9,3,gatta,text,12,0,0,0,90.9,100.0,91,1,1,70,76.9,95.6,80.2,0.0,2.2,2.2,1
TI17,B17,TI,F,9,3,sbadiglio,images,1,1,0,0,7.45,12.59,52,1,1,0,0.0,78.8,1.9,26.9,0.0,21.2,0
TI17,B17,TI,F,9,3,sbadiglio,images,2,0,0,0,11.28,16.71,54,1,1,0,0.0,85.2,29.6,40.7,5.6,9.3,0
TI17,B17,TI,F,9,3,sbadiglio,images,3,1,0,0,20.08,27.47,73,1,1,0,0.0,79.5,30.1,0.0,9.6,11.0,0
TI17,B17,TI,F,9,3,sbadiglio,images,4,1,0,0,35.85,47.6,118,1,1,40,33.9,60.2,41.5,10.2,3.4,36.4,1
TI17,B17,TI,F,9,3,sbadiglio,images,5,1,0,0,64.73,78.41,137,1,1,45,32.8,67.9,37.2,15.3,12.4,19.7,1
TI17,B17,TI,F,9,3,sbadiglio,images,6,1,0,0,45.83,58.99,128,1,1,18,14.1,50.0,21.9,7.0,21.1,28.9,1
TI17,B17,TI,F,9,3,sbadiglio,images,7,1,0,0,28.34,35.44,71,1,1,2,2.8,36.6,22.5,12.7,14.1,49.3,1
TI17,B17,TI,F,9,3,sbadiglio,images,8,0,0,0,85.54,89.76,42,1,1,0,0.0,73.8,50.0,14.3,0.0,26.2,0
TI17,B17,TI,F,9,3,sbadiglio,images,9,1,0,0,79.04,92.45,134,1,1,34,25.4,77.6,54.5,18.7,1.5,20.9,1
TI17,B17,TI,F,9,3,sbadiglio,images,10,1,0,0,90.9,98.51,76,1,1,0,0.0,15.8,10.5,5.3,71.1,13.2,0
TI18,B18,TI,F,8,3,gatta,text,1,1,0,0,10.3,14.92,46,1,1,2,4.3,28.3,26.1,0.0,67.4,4.3,1
TI18,B18,TI,F,8,3,gatta,text,2,1,0,0,7.77,17.36,95,1,1,7,7.4,32.6,23.2,0.0,44.2,23.2,1
TI18,B18,TI,F,8,3,gatta,text,3,1,0,0,14.02,20.69,67,1,1,0,0.0,6.0,4.5,0.0,26.9,67.2,0
TI18,B18,TI,F,8,3,gatta,text,4,1,0,0,34.03,43.12,91,1,1,52,57.1,73.6,72.5,0.0,24.2,2.2,1
TI18,B18,TI,F,8,3,gatta,text,5,0,0,0,45.0,50.24,52,1,1,31,59.6,100.0,75.0,0.0,0.0,0.0,1
TI18,B18,TI,F,8,3,gatta,text,6,1,0,0,49.34,56.93,76,1,1,34,44.7,100.0,84.2,0.0,0.0,0.0,1
TI18,B18,TI,F,8,3,gatta,text,7,0,0,0,54.43,60.77,64,1,1,9,14.1,51.6,37.5,0.0,40.6,7.8,1
TI18,B18,TI,F,8,3,gatta,text,8,0,0,0,64.63,78.5,139,1,1,50,36.0,41.7,36.0,0.0,35.3,23.0,1
TI18,B18,TI,F,8,3,gatta,text,9,0,0,0,69.51,74.71,52,1,1,3,5.8,34.6,34.6,0.0,57.7,7.7,1
TI18,B18,TI,F,8,3,gatta,text,10,1,0,0,79.12,86.06,69,1,1,43,62.3,100.0,97.1,0.0,0.0,0.0,1
TI18,B18,TI,F,8,3,gatta,text,11,1,0,0,84.39,90.41,60,1,1,20,33.3,80.0,58.3,0.0,16.7,3.3,1
TI18,B18,TI,F,8,3,gatta,text,12,0,0,0,90.9,100.0,91,1,1,17,18.7,24.2,19.8,0.0,42.9,33.0,1
TI18,B18,TI,F,8,3,sbadiglio,images,1,1,0,0,7.45,12.59,51,1,1,22,43.1,100.0,52.9,31.4,0.0,0.0,1
TI18,B18,TI,F,8,3,sbadiglio,images,2,1,0,0,11.28,16.71,54,1,1,18,33.3,98.1,64.8,33.3,0.0,1.9,1
TI18,B18,TI,F,8,3,sbadiglio,images,3,0,0,0,20.08,27.47,50,1,1,1,2.0,6.0,6.0,0.0,18.0,76.0,1
TI18,B18,TI,F,8,3,sbadiglio,images,4,1,0,0,35.85,47.6,117,1,1,63,53.8,90.6,43.6,42.7,7.7,1.7,1
TI18,B18,TI,F,8,3,sbadiglio,images,5,1,0,0,64.73,78.41,137,1,1,46,33.6,100.0,21.9,22.6,0.0,0.0,1
TI18,B18,TI,F,8,3,sbadiglio,images,6,0,0,0,45.83,58.99,132,1,1,77,58.3,100.0,40.2,38.6,0.0,0.0,1
TI18,B18,TI,F,8,3,sbadiglio,images,7,1,0,0,28.34,35.44,56,1,1,13,23.2,25.0,3.6,19.6,25.0,50.0,1
TI18,B18,TI,F,8,3,sbadiglio,images,8,1,0,0,85.54,89.76,42,1,1,0,0.0,100.0,14.3,73.8,0.0,0.0,0
TI18,B18,TI,F,8,3,sbadiglio,images,9,0,0,0,79.04,92.45,134,1,1,79,59.0,97.8,35.1,53.0,0.7,1.5,1
TI18,B18,TI,F,8,3,sbadiglio,images,10,1,0,0,90.9,98.51,76,1,1,11,14.5,72.4,47.4,21.1,21.1,6.6,1
TI19,B20,TI,F,6,1,tappeto,images,1,1,0,0,13.45,20.28,69,1,1,24,34.8,100.0,18.8,62.3,0.0,0.0,1
TI19,B20,TI,F,6,1,tappeto,images,2,1,0,0,9.42,13.2,38,1,1,8,21.1,100.0,26.3,47.4,0.0,0.0,1
TI19,B20,TI,F,6,1,tappeto,images,3,0,1,0,22.07,34.2,121,1,1,78,64.5,92.6,21.5,58.7,7.4,0.0,1
TI19,B20,TI,F,6,1,tappeto,images,4,1,0,1,42.53,48.65,61,1,1,12,19.7,93.4,14.8,68.9,4.9,1.6,1
TI19,B20,TI,F,6,1,tappeto,images,5,1,0,0,24.73,31.07,64,1,1,26,40.6,100.0,29.7,59.4,0.0,0.0,1
TI19,B20,TI,F,6,1,tappeto,images,6,1,0,0,33.29,41.84,80,1,1,32,40.0,42.5,7.5,35.0,56.2,1.2,1
TI19,B20,TI,F,6,1,tappeto,images,7,1,0,0,44.89,50.97,61,1,1,36,59.0,100.0,14.8,72.1,0.0,0.0,1
TI19,B20,TI,F,6,1,tappeto,images,8,1,0,0,49.48,54.1,46,1,1,11,23.9,100.0,8.7,60.9,0.0,0.0,1
TI19,B20,TI,F,6,1,tappeto,images,9,1,0,0,53.18,56.89,37,1,1,10,27.0,73.0,10.8,59.5,27.0,0.0,1
TI19,B20,TI,F,6,1,tappeto,images,10,1,0,0,62.35,66.82,45,1,1,7,15.6,95.6,24.4,22.2,2.2,2.2,1
TI19,B20,TI,F,6,1,volpe e boscaiolo,text,1,0,1,0,12.09,17.38,52,1,1,11,21.2,42.3,30.8,0.0,55.8,1.9,1
TI19,B20,TI,F,6,1,volpe e boscaiolo,text,2,1,0,0,20.77,28.27,75,1,1,14,18.7,49.3,37.3,0.0,42.7,8.0,1
TI19,B20,TI,F,6,1,volpe e boscaiolo,text,3,0,0,0,9.56,14.06,45,1,1,2,4.4,48.9,35.6,0.0,48.9,2.2,1
TI19,B20,TI,F,6,1,volpe e boscaiolo,text,4,1,0,0,9.56,17.38,78,1,1,13,16.7,41.0,33.3,0.0,56.4,2.6,1
TI19,B20,TI,F,6,1,volpe e boscaiolo,text,5,0,0,0,15.45,22.32,69,1,1,28,40.6,71.0,56.5,0.0,24.6,4.3,1
TI19,B20,TI,F,6,1,volpe e boscaiolo,text,6,0,0,0,34.66,44.94,103,1,1,37,35.9,40.8,35.9,0.0,59.2,0.0,1
TI19,B20,TI,F,6,1,volpe e boscaiolo,text,7,0,0,0,43.87,52.63,88,1,1,29,33.0,71.6,61.4,0.0,28.4,0.0,1
TI19,B20,TI,F,6,1,volpe e boscaiolo,text,8,0,0,0,52.93,67.33,144,1,1,38,26.4,54.2,28.5,0.0,43.1,2.8,1
TI19,B20,TI,F,6,1,volpe e boscaiolo,text,10,1,0,0,56.85,65.11,83,1,1,22,26.5,63.9,37.3,0.0,31.3,4.8,1
TI20,B21,TI,F,6,1,tappeto,images,1,0,0,0,13.45,20.28,0,0,1,0,,,,,,,0
TI20,B21,TI,F,6,1,tappeto,images,2,0,0,0,9.42,13.2,38,1,1,0,0.0,55.3,7.9,42.1,36.8,7.9,0
TI20,B21,TI,F,6,1,tappeto,images,3,1,0,0,22.07,34.2,89,1,1,31,34.8,60.7,10.1,42.7,22.5,16.9,1
TI20,B21,TI,F,6,1,tappeto,images,4,0,0,1,42.53,48.65,45,1,1,0,0.0,46.7,13.3,26.7,53.3,0.0,0
TI20,B21,TI,F,6,1,tappeto,images,5,0,0,0,24.73,31.07,63,1,1,7,11.1,60.3,7.9,42.9,30.2,9.5,1
TI20,B21,TI,F,6,1,tappeto,images,6,0,0,0,33.29,41.84,43,1,1,25,58.1,65.1,23.3,39.5,20.9,14.0,1
TI20,B21,TI,F,6,1,tappeto,images,7,0,0,0,44.89,50.97,26,1,1,1,3.8,3.8,3.8,0.0,80.8,15.4,1
TI20,B21,TI,F,6,1,tappeto,images,8,1,0,0,49.48,54.1,36,1,1,0,0.0,13.9,8.3,5.6,55.6,30.6,0
TI20,B21,TI,F,6,1,tappeto,images,9,1,0,0,53.18,56.89,11,1,1,0,0.0,0.0,0.0,0.0,81.8,18.2,0
TI20,B21,TI,F,6,1,tappeto,images,10,0,0,0,62.35,66.82,0,0,1,0,,,,,,,0
TI20,B21,TI,F,6,1,volpe e boscaiolo,text,1,0,0,0,12.09,17.38,51,1,1,0,0.0,0.0,0.0,0.0,78.4,21.6,0
TI20,B21,TI,F,6,1,volpe e boscaiolo,text,2,0,0,0,20.77,28.27,35,1,1,0,0.0,0.0,0.0,0.0,62.9,37.1,0
TI20,B21,TI,F,6,1,volpe e boscaiolo,text,3,0,0,0,9.56,14.06,39,1,1,0,0.0,20.5,20.5,0.0,61.5,17.9,0
TI20,B21,TI,F,6,1,volpe e boscaiolo,text,4,0,0,0,9.56,17.38,70,1,1,0,0.0,11.4,11.4,0.0,64.3,24.3,0
TI20,B21,TI,F,6,1,volpe e boscaiolo,text,5,1,0,0,15.45,22.32,48,1,1,1,2.1,4.2,2.1,0.0,22.9,72.9,1
TI20,B21,TI,F,6,1,volpe e boscaiolo,text,6,0,0,0,34.66,44.94,79,1,1,16,20.3,20.3,20.3,0.0,35.4,44.3,1
TI20,B21,TI,F,6,1,volpe e boscaiolo,text,7,0,1,0,43.87,52.63,42,1,1,0,0.0,0.0,0.0,0.0,81.0,19.0,0
TI20,B21,TI,F,6,1,volpe e boscaiolo,text,8,0,1,0,52.93,67.33,84,1,1,3,3.6,8.3,6.0,0.0,26.2,65.5,1
TI20,B21,TI,F,6,1,volpe e boscaiolo,text,10,0,1,0,56.85,65.11,28,1,1,0,0.0,0.0,0.0,0.0,0.0,100.0,0
TI21,B22,TI,F,6,1,tappeto,images,1,0,1,0,13.45,20.28,68,1,1,17,25.0,79.4,35.3,5.9,8.8,11.8,1
TI21,B22,TI,F,6,1,tappeto,images,2,1,0,0,9.42,13.2,38,1,1,0,0.0,92.1,0.0,2.6,7.9,0.0,0
TI21,B22,TI,F,6,1,tappeto,images,3,0,1,0,22.07,34.2,122,1,1,14,11.5,88.5,24.6,0.8,7.4,4.1,1
TI21,B22,TI,F,6,1,tappeto,images,4,0,0,1,42.53,48.65,61,1,1,2,3.3,67.2,9.8,3.3,31.1,1.6,1
TI21,B22,TI,F,6,1,tappeto,images,5,1,0,0,24.73,31.07,63,1,1,10,15.9,84.1,15.9,0.0,12.7,3.2,1
TI21,B22,TI,F,6,1,tappeto,images,6,1,0,0,33.29,41.84,86,1,1,17,19.8,81.4,14.0,8.1,3.5,15.1,1
TI21,B22,TI,F,6,1,tappeto,images,7,0,0,0,44.89,50.97,61,1,1,2,3.3,50.8,3.3,4.9,49.2,0.0,1
TI21,B22,TI,F,6,1,tappeto,images,8,1,0,0,49.48,54.1,47,1,1,0,0.0,40.4,0.0,2.1,57.4,2.1,0
TI21,B22,TI,F,6,1,tappeto,images,9,0,0,0,53.18,56.89,37,1,1,0,0.0,62.2,0.0,2.7,37.8,0.0,0
TI21,B22,TI,F,6,1,tappeto,images,10,0,0,0,62.35,66.82,45,1,1,1,2.2,31.1,2.2,2.2,68.9,0.0,1
TI21,B22,TI,F,6,1,volpe e boscaiolo,text,1,0,1,0,12.09,17.38,53,1,1,0,0.0,34.0,30.2,0.0,0.0,66.0,0
TI21,B22,TI,F,6,1,volpe e boscaiolo,text,2,0,1,0,20.77,28.27,75,1,1,0,0.0,18.7,12.0,0.0,4.0,77.3,0
TI21,B22,TI,F,6,1,volpe e boscaiolo,text,3,0,0,0,9.56,14.06,44,1,1,1,2.3,61.4,50.0,0.0,0.0,38.6,1
TI21,B22,TI,F,6,1,volpe e boscaiolo,text,4,0,0,0,9.56,17.38,78,1,1,16,20.5,53.8,47.4,0.0,0.0,46.2,1
TI21,B22,TI,F,6,1,volpe e boscaiolo,text,5,0,1,0,15.45,22.32,69,1,1,0,0.0,8.7,4.3,0.0,4.3,87.0,0
TI21,B22,TI,F,6,1,volpe e boscaiolo,text,6,0,1,0,34.66,44.94,103,1,1,0,0.0,0.0,0.0,0.0,6.8,93.2,0
TI21,B22,TI,F,6,1,volpe e boscaiolo,text,7,0,1,0,43.87,52.63,80,1,1,7,8.8,17.5,10.0,0.0,0.0,82.5,1
TI21,B22,TI,F,6,1,volpe e boscaiolo,text,8,0,1,0,52.93,67.33,144,1,1,6,4.2,10.4,5.6,0.0,0.0,89.6,1
TI21,B22,TI,F,6,1,volpe e boscaiolo,text,10,0,1,0,56.85,65.11,83,1,1,3,3.6,15.7,7.2,0.0,0.0,84.3,1
TI22,B23,TI,F,7,1,tappeto,images,1,1,0,0,13.45,20.28,0,0,0,0,,,,,,,0
TI22,B23,TI,F,7,1,tappeto,images,2,1,0,0,9.42,13.2,0,0,0,0,,,,,,,0
TI22,B23,TI,F,7,1,tappeto,images,3,1,0,0,22.07,34.2,0,0,0,0,,,,,,,0
TI22,B23,TI,F,7,1,tappeto,images,4,1,0,1,42.53,48.65,0,0,0,0,,,,,,,0
TI22,B23,TI,F,7,1,tappeto,images,5,1,0,0,24.73,31.07,0,0,0,0,,,,,,,0
TI22,B23,TI,F,7,1,tappeto,images,6,1,0,0,33.29,41.84,0,0,0,0,,,,,,,0
TI22,B23,TI,F,7,1,tappeto,images,7,1,0,0,44.89,50.97,0,0,0,0,,,,,,,0
TI22,B23,TI,F,7,1,tappeto,images,8,1,0,0,49.48,54.1,0,0,0,0,,,,,,,0
TI22,B23,TI,F,7,1,tappeto,images,9,1,0,0,53.18,56.89,0,0,0,0,,,,,,,0
TI22,B23,TI,F,7,1,tappeto,images,10,1,0,0,62.35,66.82,0,0,0,0,,,,,,,0
TI22,B23,TI,F,7,1,volpe e boscaiolo,text,1,1,0,0,12.09,17.38,53,1,1,0,0.0,0.0,0.0,0.0,15.1,84.9,0
TI22,B23,TI,F,7,1,volpe e boscaiolo,text,2,1,0,0,20.77,28.27,75,1,1,0,0.0,0.0,0.0,0.0,21.3,78.7,0
TI22,B23,TI,F,7,1,volpe e boscaiolo,text,3,0,0,0,9.56,14.06,45,1,1,0,0.0,0.0,0.0,0.0,15.6,84.4,0
TI22,B23,TI,F,7,1,volpe e boscaiolo,text,4,1,0,0,9.56,17.38,79,1,1,0,0.0,0.0,0.0,0.0,19.0,81.0,0
TI22,B23,TI,F,7,1,volpe e boscaiolo,text,5,1,0,0,15.45,22.32,69,1,1,0,0.0,0.0,0.0,0.0,59.4,40.6,0
TI22,B23,TI,F,7,1,volpe e boscaiolo,text,6,0,0,0,34.66,44.94,103,1,1,0,0.0,0.0,0.0,0.0,47.6,52.4,0
TI22,B23,TI,F,7,1,volpe e boscaiolo,text,7,0,0,0,43.87,52.63,87,1,1,0,0.0,0.0,0.0,0.0,16.1,83.9,0
TI22,B23,TI,F,7,1,volpe e boscaiolo,text,8,1,0,0,52.93,67.33,144,1,1,0,0.0,0.0,0.0,0.0,56.2,43.8,0
TI22,B23,TI,F,7,1,volpe e boscaiolo,text,10,1,0,0,56.85,65.11,83,1,1,0,0.0,0.0,0.0,0.0,54.2,45.8,0
TI23,B24,TI,M,7,1,tappeto,images,1,1,0,0,13.45,20.28,69,1,1,36,52.2,100.0,42.0,42.0,0.0,0.0,1
TI23,B24,TI,M,7,1,tappeto,images,2,1,0,0,9.42,13.2,38,1,1,17,44.7,97.4,23.7,50.0,0.0,2.6,1
TI23,B24,TI,M,7,1,tappeto,images,3,1,0,0,22.07,34.2,121,1,1,83,68.6,96.7,52.9,28.9,3.3,0.0,1
TI23,B24,TI,M,7,1,tappeto,images,4,1,0,1,42.53,48.65,61,1,1,14,23.0,85.2,27.9,34.4,14.8,0.0,1
TI23,B24,TI,M,7,1,tappeto,images,5,1,0,0,24.73,31.07,64,1,1,39,60.9,93.8,59.4,23.4,6.2,0.0,1
TI23,B24,TI,M,7,1,tappeto,images,6,0,0,0,33.29,41.84,85,1,1,47,55.3,91.8,43.5,32.9,5.9,2.4,1
TI23,B24,TI,M,7,1,tappeto,images,7,1,0,0,44.89,50.97,61,1,1,31,50.8,85.2,31.1,37.7,14.8,0.0,1
TI23,B24,TI,M,7,1,tappeto,images,8,1,0,0,49.48,54.1,46,1,1,14,30.4,89.1,21.7,47.8,0.0,10.9,1
TI23,B24,TI,M,7,1,tappeto,images,9,1,0,0,53.18,56.89,37,1,1,21,56.8,86.5,18.9,62.2,0.0,13.5,1
TI23,B24,TI,M,7,1,tappeto,images,10,1,0,0,62.35,66.82,45,1,1,24,53.3,95.6,44.4,40.0,0.0,4.4,1
TI23,B24,TI,M,7,1,volpe e boscaiolo,text,1,1,0,0,12.09,17.38,53,1,1,23,43.4,75.5,52.8,0.0,0.0,24.5,1
TI23,B24,TI,M,7,1,volpe e boscaiolo,text,2,1,0,0,20.77,28.27,54,1,1,20,37.0,79.6,38.9,0.0,16.7,3.7,1
TI23,B24,TI,M,7,1,volpe e boscaiolo,text,3,1,0,0,9.56,14.06,45,1,1,6,13.3,57.8,24.4,0.0,26.7,15.6,1
TI23,B24,TI,M,7,1,volpe e boscaiolo,text,4,1,0,0,9.56,17.38,78,1,1,29,37.2,67.9,41.0,0.0,15.4,16.7,1
TI23,B24,TI,M,7,1,volpe e boscaiolo,text,5,1,0,0,15.45,22.32,58,1,1,0,0.0,22.4,12.1,0.0,56.9,20.7,0
TI23,B24,TI,M,7,1,volpe e boscaiolo,text,6,1,0,0,34.66,44.94,103,1,1,50,48.5,74.8,51.5,0.0,10.7,14.6,1
TI23,B24,TI,M,7,1,volpe e boscaiolo,text,7,1,0,0,43.87,52.63,88,1,1,23,26.1,86.4,48.9,0.0,6.8,6.8,1
TI23,B24,TI,M,7,1,volpe e boscaiolo,text,8,1,0,0,52.93,67.33,144,1,1,55,38.2,88.9,44.4,0.0,8.3,2.8,1
TI23,B24,TI,M,7,1,volpe e boscaiolo,text,10,1,0,0,56.85,65.11,83,1,1,28,33.7,86.7,47.0,0.0,12.0,1.2,1
TI24,B25,TI,M,7,1,tappeto,images,1,1,0,0,13.45,20.28,54,1,1,10,18.5,87.0,25.9,18.5,0.0,13.0,1
TI24,B25,TI,M,7,1,tappeto,images,2,0,0,0,9.42,13.2,20,1,1,0,0.0,75.0,0.0,0.0,0.0,25.0,0
TI24,B25,TI,M,7,1,tappeto,images,3,0,1,0,22.07,34.2,122,1,1,21,17.2,56.6,19.7,3.3,36.9,6.6,1
TI24,B25,TI,M,7,1,tappeto,images,4,0,0,1,42.53,48.65,56,1,1,0,0.0,3.6,0.0,0.0,21.4,75.0,0
TI24,B25,TI,M,7,1,tappeto,images,5,0,0,0,24.73,31.07,63,1,1,14,22.2,57.1,27.0,3.2,39.7,3.2,1
TI24,B25,TI,M,7,1,tappeto,images,6,0,0,0,33.29,41.84,66,1,1,0,0.0,0.0,0.0,0.0,100.0,0.0,0
TI24,B25,TI,M,7,1,tappeto,images,7,1,0,0,44.89,50.97,55,1,1,7,12.7,45.5,9.1,3.6,0.0,54.5,1
TI24,B25,TI,M,7,1,tappeto,images,8,0,0,0,49.48,54.1,46,1,1,0,0.0,100.0,13.0,2.2,0.0,0.0,0
TI24,B25,TI,M,7,1,tappeto,images,9,1,0,0,53.18,56.89,38,1,1,1,2.6,63.2,23.7,13.2,34.2,2.6,1
TI24,B25,TI,M,7,1,tappeto,images,10,0,0,0,62.35,66.82,40,1,1,5,12.5,77.5,20.0,17.5,17.5,5.0,1
TI24,B25,TI,M,7,1,volpe e boscaiolo,text,1,0,0,0,12.09,17.38,48,1,1,20,41.7,52.1,47.9,0.0,22.9,25.0,1
TI24,B25,TI,M,7,1,volpe e boscaiolo,text,2,0,0,0,20.77,28.27,35,1,1,5,14.3,48.6,22.9,0.0,31.4,20.0,1
TI24,B25,TI,M,7,1,volpe e boscaiolo,text,3,0,0,0,9.56,14.06,42,1,1,4,9.5,26.2,26.2,0.0,45.2,28.6,1
TI24,B25,TI,M,7,1,volpe e boscaiolo,text,4,1,0,0,9.56,17.38,71,1,1,24,33.8,40.8,38.0,0.0,26.8,32.4,1
TI24,B25,TI,M,7,1,volpe e boscaiolo,text,5,0,0,0,15.45,22.32,22,1,1,3,13.6,50.0,22.7,0.0,0.0,50.0,1
TI24,B25,TI,M,7,1,volpe e boscaiolo,text,6,1,0,0,34.66,44.94,69,1,1,0,0.0,7.2,5.8,0.0,8.7,84.1,0
TI24,B25,TI,M,7,1,volpe e boscaiolo,text,7,0,0,0,43.87,52.63,50,1,1,7,14.0,14.0,14.0,0.0,38.0,48.0,1
TI24,B25,TI,M,7,1,volpe e boscaiolo,text,8,0,0,0,52.93,67.33,65,1,1,15,23.1,47.7,26.2,0.0,27.7,24.6,1
TI24,B25,TI,M,7,1,volpe e boscaiolo,text,10,0,0,0,56.85,65.11,27,1,1,11,40.7,74.1,44.4,0.0,0.0,25.9,1
TI25,B26,TI,F,7,1,tappeto,images,1,1,0,0,13.45,20.28,65,1,1,14,21.5,78.5,24.6,43.1,0.0,21.5,1
TI25,B26,TI,F,7,1,tappeto,images,2,0,0,0,9.42,13.2,8,1,1,0,0.0,100.0,25.0,12.5,0.0,0.0,0
TI25,B26,TI,F,7,1,tappeto,images,3,0,0,0,22.07,34.2,87,1,1,47,54.0,96.6,67.8,14.9,0.0,3.4,1
TI25,B26,TI,F,7,1,tappeto,images,4,1,0,1,42.53,48.65,61,1,1,27,44.3,82.0,45.9,31.1,16.4,1.6,1
TI25,B26,TI,F,7,1,tappeto,images,5,1,0,0,24.73,31.07,45,1,1,21,46.7,100.0,75.6,8.9,0.0,0.0,1
TI25,B26,TI,F,7,1,tappeto,images,6,1,0,0,33.29,41.84,85,1,1,47,55.3,84.7,27.1,44.7,0.0,15.3,1
TI25,B26,TI,F,7,1,tappeto,images,7,1,0,0,44.89,50.97,60,1,1,20,33.3,86.7,38.3,26.7,8.3,5.0,1
TI25,B26,TI,F,7,1,tappeto,images,8,1,0,0,49.48,54.1,29,1,1,11,37.9,72.4,41.4,10.3,13.8,13.8,1
TI25,B26,TI,F,7,1,tappeto,images,9,1,0,0,53.18,56.89,37,1,1,6,16.2,81.1,37.8,16.2,2.7,16.2,1
TI25,B26,TI,F,7,1,tappeto,images,10,1,0,0,62.35,66.82,45,1,1,6,13.3,64.4,24.4,8.9,35.6,0.0,1
TI25,B26,TI,F,7,1,volpe e boscaiolo,text,1,1,0,0,12.09,17.38,53,1,1,0,0.0,20.8,15.1,0.0,75.5,3.8,0
TI25,B26,TI,F,7,1,volpe e boscaiolo,text,2,1,0,0,20.77,28.27,75,1,1,7,9.3,33.3,25.3,0.0,14.7,52.0,1
TI25,B26,TI,F,7,1,volpe e boscaiolo,text,3,0,0,0,9.56,14.06,35,1,1,5,14.3,22.9,14.3,0.0,42.9,34.3,1
TI25,B26,TI,F,7,1,volpe e boscaiolo,text,4,1,0,0,9.56,17.38,68,1,1,8,11.8,16.2,11.8,0.0,64.7,19.1,1
TI25,B26,TI,F,7,1,volpe e boscaiolo,text,5,1,0,0,15.45,22.32,69,1,1,29,42.0,44.9,44.9,0.0,29.0,26.1,1
TI25,B26,TI,F,7,1,volpe e boscaiolo,text,6,1,0,0,34.66,44.94,103,1,1,37,35.9,45.6,38.8,0.0,19.4,35.0,1
TI25,B26,TI,F,7,1,volpe e boscaiolo,text,7,1,0,0,43.87,52.63,78,1,1,23,29.5,51.3,41.0,0.0,38.5,10.3,1
TI25,B26,TI,F,7,1,volpe e boscaiolo,text,8,0,0,0,52.93,67.33,144,1,1,36,25.0,28.5,25.7,0.0,45.1,26.4,1
TI25,B26,TI,F,7,1,volpe e boscaiolo,text,10,0,0,0,56.85,65.11,83,1,1,18,21.7,30.1,26.5,0.0,61.4,8.4,1
TI26,B27,TI,F,6,1,tappeto,images,1,1,0,0,13.45,20.28,68,1,1,10,14.7,92.6,67.6,17.6,0.0,7.4,1
TI26,B27,TI,F,6,1,tappeto,images,2,1,0,0,9.42,13.2,38,1,1,6,15.8,81.6,26.3,23.7,15.8,2.6,1
TI26,B27,TI,F,6,1,tappeto,images,3,1,0,0,22.07,34.2,121,1,1,49,40.5,66.1,38.8,1.7,24.8,9.1,1
TI26,B27,TI,F,6,1,tappeto,images,4,1,0,1,42.53,48.65,62,1,1,25,40.3,80.6,40.3,9.7,14.5,4.8,1
TI26,B27,TI,F,6,1,tappeto,images,5,1,0,0,24.73,31.07,64,1,1,24,37.5,70.3,40.6,0.0,15.6,14.1,1
TI26,B27,TI,F,6,1,tappeto,images,6,1,0,0,33.29,41.84,86,1,1,32,37.2,65.1,45.3,4.7,32.6,2.3,1
TI26,B27,TI,F,6,1,tappeto,images,7,1,0,0,44.89,50.97,61,1,1,19,31.1,85.2,54.1,8.2,14.8,0.0,1
TI26,B27,TI,F,6,1,tappeto,images,8,1,0,0,49.48,54.1,46,1,1,9,19.6,47.8,23.9,4.3,34.8,17.4,1
TI26,B27,TI,F,6,1,tappeto,images,9,1,0,0,53.18,56.89,37,1,1,7,18.9,45.9,18.9,13.5,16.2,37.8,1
TI26,B27,TI,F,6,1,tappeto,images,10,0,0,0,62.35,66.82,44,1,1,13,29.5,88.6,54.5,18.2,11.4,0.0,1
TI26,B27,TI,F,6,1,volpe e boscaiolo,text,1,1,0,0,12.09,17.38,53,1,1,6,11.3,30.2,24.5,0.0,67.9,1.9,1
TI26,B27,TI,F,6,1,volpe e boscaiolo,text,2,1,0,0,20.77,28.27,75,1,1,9,12.0,41.3,41.3,0.0,46.7,12.0,1
TI26,B27,TI,F,6,1,volpe e boscaiolo,text,3,1,0,0,9.56,14.06,45,1,1,0,0.0,17.8,11.1,0.0,80.0,2.2,0
TI26,B27,TI,F,6,1,volpe e boscaiolo,text,4,1,0,0,9.56,17.38,79,1,1,6,7.6,21.5,17.7,0.0,77.2,1.3,1
TI26,B27,TI,F,6,1,volpe e boscaiolo,text,5,1,0,0,15.45,22.32,69,1,1,33,47.8,59.4,59.4,0.0,39.1,1.4,1
TI26,B27,TI,F,6,1,volpe e boscaiolo,text,6,1,0,0,34.66,44.94,103,1,1,37,35.9,55.3,49.5,0.0,42.7,1.9,1
TI26,B27,TI,F,6,1,volpe e boscaiolo,text,7,0,0,0,43.87,52.63,88,1,1,24,27.3,43.2,40.9,0.0,55.7,1.1,1
TI26,B27,TI,F,6,1,volpe e boscaiolo,text,8,1,0,0,52.93,67.33,144,1,1,26,18.1,34.0,25.7,0.0,66.0,0.0,1
TI26,B27,TI,F,6,1,volpe e boscaiolo,text,10,1,0,0,56.85,65.11,83,1,1,6,7.2,13.3,13.3,0.0,86.7,0.0,1
TI27,F12,TI,M,8,3,gatta,text,1,0,0,0,10.3,14.92,46,1,1,6,13.0,41.3,41.3,0.0,58.7,0.0,1
TI27,F12,TI,M,8,3,gatta,text,2,1,0,0,7.77,17.36,96,1,1,33,34.4,50.0,40.6,0.0,41.7,8.3,1
TI27,F12,TI,M,8,3,gatta,text,3,1,0,0,14.02,20.69,67,1,1,32,47.8,71.6,55.2,0.0,17.9,10.4,1
TI27,F12,TI,M,8,3,gatta,text,4,1,0,0,34.03,43.12,91,1,1,47,51.6,71.4,58.2,0.0,25.3,3.3,1
TI27,F12,TI,M,8,3,gatta,text,5,0,0,0,45.0,50.24,52,1,1,18,34.6,100.0,48.1,0.0,0.0,0.0,1
TI27,F12,TI,M,8,3,gatta,text,6,0,0,0,49.34,56.93,76,1,1,12,15.8,71.1,25.0,0.0,27.6,1.3,1
TI27,F12,TI,M,8,3,gatta,text,7,1,0,0,54.43,60.77,64,1,1,22,34.4,78.1,53.1,0.0,21.9,0.0,1
TI27,F12,TI,M,8,3,gatta,text,8,1,0,0,64.63,78.5,139,1,1,38,27.3,59.0,37.4,0.0,40.3,0.7,1
TI27,F12,TI,M,8,3,gatta,text,9,1,0,0,69.51,74.71,52,1,1,26,50.0,86.5,53.8,0.0,13.5,0.0,1
TI27,F12,TI,M,8,3,gatta,text,10,1,0,0,79.12,86.06,69,1,1,31,44.9,75.4,55.1,0.0,15.9,8.7,1
TI27,F12,TI,M,8,3,gatta,text,11,1,0,0,84.39,90.41,59,1,1,17,28.8,72.9,59.3,0.0,27.1,0.0,1
TI27,F12,TI,M,8,3,gatta,text,12,0,0,0,90.9,100.0,91,1,1,19,20.9,29.7,23.1,0.0,69.2,1.1,1
TI27,F12,TI,M,8,3,sbadiglio,images,1,1,0,0,7.45,12.59,51,1,1,0,0.0,0.0,0.0,0.0,0.0,100.0,0
TI27,F12,TI,M,8,3,sbadiglio,images,2,1,0,0,11.28,16.71,54,1,1,0,0.0,0.0,0.0,0.0,0.0,100.0,0
TI27,F12,TI,M,8,3,sbadiglio,images,3,1,0,0,20.08,27.47,12,1,1,0,0.0,0.0,0.0,0.0,0.0,100.0,0
TI27,F12,TI,M,8,3,sbadiglio,images,4,0,0,0,35.85,47.6,115,1,1,0,0.0,0.0,0.0,0.0,0.0,100.0,0
TI27,F12,TI,M,8,3,sbadiglio,images,5,1,0,0,64.73,78.41,137,1,1,0,0.0,0.0,0.0,0.0,0.0,100.0,0
TI27,F12,TI,M,8,3,sbadiglio,images,6,0,0,0,45.83,58.99,130,1,1,0,0.0,0.0,0.0,0.0,0.0,100.0,0
TI27,F12,TI,M,8,3,sbadiglio,images,7,1,0,0,28.34,35.44,19,1,1,0,0.0,0.0,0.0,0.0,0.0,100.0,0
TI27,F12,TI,M,8,3,sbadiglio,images,8,1,0,0,85.54,89.76,43,1,1,0,0.0,0.0,0.0,0.0,0.0,100.0,0
TI27,F12,TI,M,8,3,sbadiglio,images,9,1,0,0,79.04,92.45,135,1,1,0,0.0,0.0,0.0,0.0,0.0,100.0,0
TI27,F12,TI,M,8,3,sbadiglio,images,10,1,0,0,90.9,98.51,76,1,1,0,0.0,0.0,0.0,0.0,0.0,100.0,0
