newid,mod,storia,good,quartile,pct_caption,pct_face,pct_none
TI01,text,volpe e boscaiolo,True,1,64.55026455026454,33.33333333333333,2.1164021164021163
TI01,text,volpe e boscaiolo,True,2,67.02127659574468,30.319148936170215,2.6595744680851063
TI01,text,volpe e boscaiolo,True,3,61.49732620320856,37.967914438502675,0.53475935828877
TI01,text,volpe e boscaiolo,True,4,55.61497326203209,42.24598930481284,2.13903743315508
TI01,images,tappeto,True,1,75.29411764705883,24.705882352941178,0.0
TI01,images,tappeto,True,2,86.30952380952381,13.095238095238097,0.5952380952380952
TI01,images,tappeto,True,3,97.61904761904762,2.380952380952381,0.0
TI01,images,tappeto,True,4,100.0,0.0,0.0
TI02,text,volpe e boscaiolo,True,1,53.96825396825397,35.978835978835974,10.052910052910052
TI02,text,volpe e boscaiolo,True,2,52.12765957446809,31.382978723404253,16.48936170212766
TI02,text,volpe e boscaiolo,True,3,71.12299465240642,15.508021390374333,13.368983957219251
TI02,text,volpe e boscaiolo,True,4,80.31914893617021,14.893617021276595,4.787234042553192
TI02,images,tappeto,True,1,76.19047619047619,19.642857142857142,4.166666666666666
TI02,images,tappeto,True,2,95.83333333333334,3.571428571428571,0.5952380952380952
TI02,images,tappeto,True,3,88.09523809523809,11.904761904761903,0.0
TI02,images,tappeto,True,4,100.0,0.0,0.0
TI03,text,anguille,True,1,61.904761904761905,36.19047619047619,1.9047619047619049
TI03,text,anguille,True,2,93.31210191082803,5.095541401273886,1.5923566878980893
TI03,text,anguille,True,3,85.62300319488818,10.86261980830671,3.5143769968051117
TI03,text,anguille,True,4,79.55271565495208,19.488817891373802,0.9584664536741214
TI04,text,volpe e boscaiolo,True,1,52.406417112299465,42.24598930481284,5.347593582887701
TI04,text,volpe e boscaiolo,True,2,65.95744680851064,32.4468085106383,1.5957446808510638
TI04,text,volpe e boscaiolo,True,3,40.106951871657756,55.080213903743314,4.81283422459893
TI04,text,volpe e boscaiolo,True,4,38.82978723404255,53.72340425531915,7.446808510638298
TI03,images,orso,True,1,82.85714285714286,14.761904761904763,2.380952380952381
TI03,images,orso,True,2,93.54066985645933,5.741626794258373,0.7177033492822966
TI03,images,orso,True,3,97.36842105263158,2.15311004784689,0.4784688995215311
TI03,images,orso,True,4,91.28329297820824,6.2953995157385,2.4213075060532687
TI05,text,volpe e boscaiolo,False,1,39.77272727272727,47.72727272727273,12.5
TI05,text,volpe e boscaiolo,False,3,0.0,96.55172413793103,3.4482758620689653
TI05,text,volpe e boscaiolo,False,4,100.0,0.0,0.0
TI04,images,tappeto,True,1,65.47619047619048,25.0,9.523809523809524
TI04,images,tappeto,True,2,85.11904761904762,2.380952380952381,12.5
TI04,images,tappeto,True,3,57.14285714285714,17.857142857142858,25.0
TI04,images,tappeto,True,4,63.095238095238095,15.476190476190476,21.428571428571427
TI06,text,volpe e boscaiolo,True,1,60.962566844919785,35.82887700534759,3.2085561497326207
TI06,text,volpe e boscaiolo,True,2,73.40425531914893,24.46808510638298,2.127659574468085
TI06,text,volpe e boscaiolo,True,3,91.97860962566845,7.4866310160427805,0.53475935828877
TI06,text,volpe e boscaiolo,True,4,66.48936170212765,25.0,8.51063829787234
TI07,text,volpe e boscaiolo,True,1,53.38983050847458,42.3728813559322,4.23728813559322
TI07,text,volpe e boscaiolo,True,2,77.63157894736842,10.526315789473683,11.842105263157894
TI07,text,volpe e boscaiolo,True,3,65.21739130434783,23.91304347826087,10.869565217391305
TI07,text,volpe e boscaiolo,True,4,94.5945945945946,0.0,5.405405405405405
TI06,images,tappeto,True,1,74.11764705882354,20.0,5.88235294117647
TI06,images,tappeto,True,2,93.45238095238095,1.1904761904761905,5.357142857142857
TI06,images,tappeto,True,3,96.42857142857143,2.380952380952381,1.1904761904761905
TI06,images,tappeto,True,4,100.0,0.0,0.0
TI07,images,tappeto,False,1,71.875,22.916666666666664,5.208333333333334
TI07,images,tappeto,False,2,100.0,0.0,0.0
TI07,images,tappeto,False,3,100.0,0.0,0.0
TI07,images,tappeto,False,4,78.88888888888889,0.0,21.11111111111111
TI08,text,volpe e boscaiolo,True,1,0.0,44.38502673796791,55.61497326203209
TI08,text,volpe e boscaiolo,True,2,0.0,12.5,87.5
TI08,text,volpe e boscaiolo,True,3,0.0,16.265060240963855,83.73493975903614
TI08,text,volpe e boscaiolo,True,4,0.0,11.797752808988763,88.20224719101124
TI09,text,volpe e boscaiolo,True,1,38.62433862433862,57.14285714285714,4.232804232804233
TI09,text,volpe e boscaiolo,True,2,7.446808510638298,86.17021276595744,6.382978723404255
TI09,text,volpe e boscaiolo,True,3,8.51063829787234,75.0,16.48936170212766
TI09,text,volpe e boscaiolo,True,4,14.43850267379679,85.02673796791443,0.53475935828877
TI08,images,tappeto,True,1,0.0,16.7741935483871,83.22580645161291
TI08,images,tappeto,True,2,0.0,54.54545454545454,45.45454545454545
TI08,images,tappeto,True,3,0.0,28.30188679245283,71.69811320754717
TI08,images,tappeto,True,4,0.0,10.714285714285714,89.28571428571429
TI10,text,delfino,True,1,86.59517426273459,12.332439678284182,1.0723860589812333
TI10,text,delfino,True,2,71.15902964959568,17.78975741239892,11.05121293800539
TI10,text,delfino,True,3,87.93565683646113,7.238605898123325,4.825737265415549
TI10,text,delfino,True,4,88.73994638069705,6.166219839142091,5.093833780160858
TI11,text,volpe e boscaiolo,True,1,46.8421052631579,42.63157894736842,10.526315789473683
TI11,text,volpe e boscaiolo,True,2,58.51063829787234,31.914893617021278,9.574468085106384
TI11,text,volpe e boscaiolo,True,3,73.2620320855615,25.668449197860966,1.06951871657754
TI11,text,volpe e boscaiolo,True,4,72.72727272727273,18.181818181818183,9.090909090909092
TI09,images,tappeto,True,1,66.47058823529412,32.35294117647059,1.1764705882352942
TI09,images,tappeto,True,2,85.11904761904762,13.095238095238097,1.7857142857142856
TI09,images,tappeto,True,3,89.88095238095238,9.523809523809524,0.5952380952380952
TI09,images,tappeto,True,4,79.16666666666666,17.261904761904763,3.571428571428571
TI10,images,panda,True,1,76.25,21.666666666666668,2.083333333333333
TI10,images,panda,True,2,81.74273858921161,11.618257261410788,6.639004149377594
TI10,images,panda,True,3,92.33449477351915,5.923344947735192,1.7421602787456445
TI10,images,panda,True,4,80.85106382978722,13.829787234042554,5.319148936170213
TI11,images,tappeto,True,1,74.70588235294117,23.52941176470588,1.7647058823529411
TI11,images,tappeto,True,2,76.10062893081762,2.515723270440252,21.38364779874214
TI11,images,tappeto,True,3,94.04761904761905,4.166666666666666,1.7857142857142856
TI11,images,tappeto,True,4,88.09523809523809,7.142857142857142,4.761904761904762
TI12,text,delfino,True,1,84.0,14.399999999999999,1.6
TI12,text,delfino,True,2,92.51336898395722,5.614973262032086,1.8716577540106951
TI12,text,delfino,True,3,94.10187667560321,4.289544235924933,1.6085790884718498
TI12,text,delfino,True,4,82.57372654155496,6.702412868632708,10.723860589812332
TI13,text,delfino,True,1,78.28418230563003,20.10723860589812,1.6085790884718498
TI13,text,delfino,True,2,98.66310160427807,0.0,1.3368983957219251
TI13,text,delfino,True,3,83.91420911528151,6.970509383378016,9.115281501340483
TI13,text,delfino,True,4,94.36997319034852,4.289544235924933,1.3404825737265416
TI27,text,gatta,True,1,60.26936026936027,34.34343434343434,5.387205387205387
TI27,text,gatta,True,2,77.44107744107744,21.21212121212121,1.3468013468013467
TI27,text,gatta,True,3,70.94594594594594,26.68918918918919,2.364864864864865
TI27,text,gatta,True,4,60.3448275862069,36.55172413793103,3.103448275862069
IT05,images,volpe e boscaiolo,True,1,40.74074074074074,0.5291005291005291,58.730158730158735
IT05,images,volpe e boscaiolo,True,2,31.382978723404253,0.5319148936170213,68.08510638297872
IT05,images,volpe e boscaiolo,True,3,54.54545454545454,0.0,45.45454545454545
IT05,images,volpe e boscaiolo,True,4,53.475935828877006,0.0,46.524064171122994
TI13,images,panda,True,1,85.8085808580858,13.2013201320132,0.9900990099009901
TI13,images,panda,True,2,99.32432432432432,0.0,0.6756756756756757
TI13,images,panda,True,3,94.98069498069498,1.1583011583011582,3.861003861003861
TI13,images,panda,True,4,89.43396226415095,7.169811320754717,3.3962264150943398
TI14,text,anguille,True,1,73.96825396825398,19.682539682539684,6.349206349206349
TI14,text,anguille,True,2,91.0828025477707,8.9171974522293,0.0
TI14,text,anguille,True,3,94.24920127795528,3.1948881789137378,2.5559105431309903
TI14,text,anguille,True,4,89.45686900958466,8.30670926517572,2.2364217252396164
TI14,images,orso,True,1,87.08133971291866,10.287081339712918,2.631578947368421
TI14,images,orso,True,2,91.16945107398568,6.682577565632458,2.1479713603818613
TI14,images,orso,True,3,92.34449760765551,6.937799043062201,0.7177033492822966
TI14,images,orso,True,4,94.68599033816425,4.3478260869565215,0.966183574879227
TI15,text,volpe e boscaiolo,True,1,16.0427807486631,72.72727272727273,11.229946524064172
TI15,text,volpe e boscaiolo,True,2,41.509433962264154,42.76729559748428,15.723270440251572
TI15,text,volpe e boscaiolo,True,3,14.689265536723164,68.92655367231639,16.38418079096045
TI15,text,volpe e boscaiolo,True,4,7.777777777777778,80.0,12.222222222222221
TI16,text,gatta,True,1,57.67195767195767,41.7989417989418,0.5291005291005291
TI16,text,gatta,True,2,96.2566844919786,2.6737967914438503,1.06951871657754
TI16,text,gatta,True,3,97.3404255319149,2.127659574468085,0.5319148936170213
TI16,text,gatta,True,4,88.26815642458101,7.262569832402235,4.4692737430167595
TI15,images,tappeto,True,1,65.08875739644971,32.544378698224854,2.366863905325444
TI15,images,tappeto,True,2,88.09523809523809,7.142857142857142,4.761904761904762
TI15,images,tappeto,True,3,57.396449704142015,28.994082840236686,13.609467455621301
TI15,images,tappeto,True,4,56.886227544910184,40.7185628742515,2.3952095808383236
TI17,text,gatta,True,1,53.17725752508361,43.47826086956522,3.3444816053511706
TI17,text,gatta,True,2,56.9023569023569,42.08754208754209,1.0101010101010102
TI17,text,gatta,True,3,86.86868686868688,6.397306397306397,6.7340067340067336
TI17,text,gatta,True,4,87.87878787878788,4.377104377104377,7.744107744107744
TI16,images,sbadiglio,False,1,9.090909090909092,86.36363636363636,4.545454545454546
TI16,images,sbadiglio,False,2,4.545454545454546,95.45454545454545,0.0
TI16,images,sbadiglio,False,3,100.0,0.0,0.0
TI16,images,sbadiglio,False,4,100.0,0.0,0.0
IT08,images,delfino,True,1,77.21088435374149,21.08843537414966,1.7006802721088436
IT08,images,delfino,True,2,93.1740614334471,5.802047781569966,1.023890784982935
IT08,images,delfino,True,3,80.54607508532423,5.802047781569966,13.651877133105803
IT08,images,delfino,True,4,93.4931506849315,3.4246575342465753,3.0821917808219177
IT09,images,volpe e boscaiolo,True,1,54.4973544973545,39.682539682539684,5.82010582010582
IT09,images,volpe e boscaiolo,True,2,90.42553191489363,6.382978723404255,3.1914893617021276
IT09,images,volpe e boscaiolo,True,3,37.12574850299401,36.52694610778443,26.34730538922156
IT09,images,volpe e boscaiolo,True,4,37.765957446808514,42.02127659574468,20.212765957446805
IT08,text,panda,True,1,78.59922178988327,16.731517509727624,4.669260700389105
IT08,text,panda,True,2,66.93227091633466,4.382470119521913,28.68525896414343
IT08,text,panda,True,3,85.71428571428571,4.511278195488721,9.774436090225564
IT08,text,panda,True,4,72.90076335877863,0.0,27.099236641221374
TI18,text,gatta,True,1,27.181208053691275,42.95302013422819,29.86577181208054
TI18,text,gatta,True,2,70.70707070707071,18.855218855218855,10.437710437710438
TI18,text,gatta,True,3,60.94276094276094,27.946127946127948,11.11111111111111
TI18,text,gatta,True,4,21.62162162162162,62.83783783783784,15.54054054054054
TI18,images,sbadiglio,True,1,58.87096774193549,27.016129032258064,14.112903225806454
TI18,images,sbadiglio,True,2,70.96774193548387,10.599078341013826,18.433179723502306
TI18,images,sbadiglio,True,3,100.0,0.0,0.0
TI18,images,sbadiglio,True,4,86.16600790513834,11.462450592885375,2.371541501976284
TI19,text,volpe e boscaiolo,True,1,50.264550264550266,45.5026455026455,4.232804232804233
TI19,text,volpe e boscaiolo,True,2,60.1063829787234,34.57446808510639,5.319148936170213
TI19,text,volpe e boscaiolo,True,3,53.475935828877006,46.524064171122994,0.0
TI19,text,volpe e boscaiolo,True,4,68.44919786096256,25.668449197860966,5.88235294117647
TI20,text,volpe e boscaiolo,True,1,8.982035928143713,77.84431137724552,13.17365269461078
TI20,text,volpe e boscaiolo,True,2,5.05050505050505,66.66666666666666,28.28282828282828
TI20,text,volpe e boscaiolo,True,3,13.675213675213676,49.572649572649574,36.75213675213676
TI20,text,volpe e boscaiolo,True,4,12.871287128712872,21.782178217821784,65.34653465346535
TI19,images,tappeto,True,1,73.21428571428571,24.404761904761905,2.380952380952381
TI19,images,tappeto,True,2,98.21428571428571,1.7857142857142856,0.0
TI19,images,tappeto,True,3,66.87116564417178,28.834355828220858,4.294478527607362
TI19,images,tappeto,True,4,90.47619047619048,8.928571428571429,0.5952380952380952
IT11,text,tappeto,True,1,61.25000000000001,33.125,5.625
IT11,text,tappeto,True,2,88.69047619047619,11.30952380952381,0.0
IT11,text,tappeto,True,3,33.33333333333333,65.47619047619048,1.1904761904761905
IT11,text,tappeto,True,4,62.66666666666667,25.333333333333336,12.0
TI21,text,volpe e boscaiolo,True,1,31.216931216931215,2.1164021164021163,66.66666666666666
TI21,text,volpe e boscaiolo,True,2,7.446808510638298,3.723404255319149,88.82978723404256
TI21,text,volpe e boscaiolo,True,3,8.88888888888889,1.6666666666666667,89.44444444444444
TI21,text,volpe e boscaiolo,True,4,6.914893617021277,0.0,93.08510638297872
TI23,text,volpe e boscaiolo,True,1,55.55555555555556,26.984126984126984,17.46031746031746
TI23,text,volpe e boscaiolo,True,2,58.68263473053892,29.34131736526946,11.976047904191617
TI23,text,volpe e boscaiolo,True,3,89.83957219251337,4.27807486631016,5.88235294117647
TI23,text,volpe e boscaiolo,True,4,72.72727272727273,26.203208556149733,1.06951871657754
TI21,images,tappeto,True,1,57.647058823529406,34.11764705882353,8.235294117647058
TI21,images,tappeto,True,2,85.11904761904762,7.738095238095238,7.142857142857142
TI21,images,tappeto,True,3,72.61904761904762,18.452380952380953,8.928571428571429
TI21,images,tappeto,True,4,56.547619047619044,41.66666666666667,1.7857142857142856
IT13,text,orso,True,1,82.57756563245823,12.17183770883055,5.250596658711217
IT13,text,orso,True,2,65.07177033492823,17.942583732057415,16.985645933014354
IT13,text,orso,True,3,80.42959427207637,12.887828162291171,6.682577565632458
IT13,text,orso,True,4,11.270983213429256,30.935251798561154,57.793764988009585
TI23,images,tappeto,True,1,71.59763313609467,24.2603550295858,4.142011834319527
TI23,images,tappeto,True,2,96.42857142857143,2.380952380952381,1.1904761904761905
TI23,images,tappeto,True,3,90.47619047619048,8.333333333333332,1.1904761904761905
TI23,images,tappeto,True,4,90.47619047619048,1.7857142857142856,7.738095238095238
TI24,text,volpe e boscaiolo,True,1,32.86713286713287,37.76223776223776,29.37062937062937
TI24,text,volpe e boscaiolo,True,2,23.200000000000003,16.0,60.8
TI24,text,volpe e boscaiolo,True,3,14.035087719298245,28.947368421052634,57.01754385964912
TI24,text,volpe e boscaiolo,True,4,24.793388429752067,34.710743801652896,40.49586776859504
IT14,text,tappeto,True,1,70.58823529411765,26.47058823529412,2.941176470588235
IT14,text,tappeto,True,2,89.88095238095238,10.119047619047619,0.0
IT14,text,tappeto,True,3,67.85714285714286,30.357142857142854,1.7857142857142856
IT14,text,tappeto,True,4,84.52380952380952,14.285714285714285,1.1904761904761905
TI24,images,tappeto,True,1,63.1578947368421,25.657894736842106,11.18421052631579
TI24,images,tappeto,True,2,62.745098039215684,25.49019607843137,11.76470588235294
TI24,images,tappeto,True,3,13.88888888888889,56.94444444444444,29.166666666666668
TI24,images,tappeto,True,4,79.375,18.125,2.5
TI25,text,volpe e boscaiolo,True,1,27.37430167597765,61.452513966480446,11.1731843575419
TI25,text,volpe e boscaiolo,True,2,27.127659574468083,19.148936170212767,53.72340425531915
TI25,text,volpe e boscaiolo,True,3,43.258426966292134,25.842696629213485,30.89887640449438
TI25,text,volpe e boscaiolo,True,4,35.1063829787234,54.25531914893617,10.638297872340425
TI25,images,tappeto,True,1,52.23880597014925,41.7910447761194,5.970149253731343
TI25,images,tappeto,True,2,89.55223880597015,5.970149253731343,4.477611940298507
TI25,images,tappeto,True,3,79.76190476190477,10.119047619047619,10.119047619047619
TI25,images,tappeto,True,4,70.86092715231787,23.178807947019866,5.960264900662252
TI26,text,volpe e boscaiolo,True,1,26.455026455026452,71.95767195767195,1.5873015873015872
TI26,text,volpe e boscaiolo,True,2,40.95744680851064,53.191489361702125,5.851063829787234
TI26,text,volpe e boscaiolo,True,3,45.45454545454545,52.94117647058824,1.6042780748663104
TI26,text,volpe e boscaiolo,True,4,31.550802139037433,66.84491978609626,1.6042780748663104
IT18,images,volpe e boscaiolo,True,1,48.10126582278481,43.037974683544306,8.860759493670885
IT18,images,volpe e boscaiolo,True,2,88.19444444444444,0.0,11.805555555555555
IT18,images,volpe e boscaiolo,True,3,79.16666666666666,15.972222222222221,4.861111111111112
IT18,images,volpe e boscaiolo,True,4,98.33333333333333,1.1111111111111112,0.5555555555555556
TI26,images,tappeto,True,1,64.70588235294117,31.76470588235294,3.5294117647058822
TI26,images,tappeto,True,2,77.97619047619048,15.476190476190476,6.547619047619048
TI26,images,tappeto,True,3,75.0,22.023809523809522,2.976190476190476
TI26,images,tappeto,True,4,75.0,13.690476190476192,11.30952380952381
IT17,text,tappeto,True,1,27.058823529411764,0.0,72.94117647058823
IT17,text,tappeto,True,2,41.358024691358025,0.6172839506172839,58.0246913580247
IT17,text,tappeto,True,3,0.0,1.7751479289940828,98.22485207100591
IT17,text,tappeto,True,4,11.904761904761903,0.0,88.09523809523809
IT19,images,volpe e boscaiolo,True,1,29.18918918918919,45.40540540540541,25.405405405405407
IT19,images,volpe e boscaiolo,True,2,4.787234042553192,1.5957446808510638,93.61702127659575
IT19,images,volpe e boscaiolo,True,3,8.379888268156424,19.553072625698324,72.06703910614524
IT19,images,volpe e boscaiolo,True,4,4.27807486631016,2.6737967914438503,93.04812834224599
IT19,text,tappeto,False,1,6.666666666666667,68.33333333333333,25.0
IT19,text,tappeto,False,2,13.043478260869565,28.26086956521739,58.69565217391305
IT19,text,tappeto,False,3,22.22222222222222,77.77777777777779,0.0
IT19,text,tappeto,False,4,58.333333333333336,0.0,41.66666666666667
TI05,images,tappeto,False,1,66.66666666666666,33.33333333333333,0.0
TI05,images,tappeto,False,2,90.19607843137256,9.803921568627452,0.0
TI05,images,tappeto,False,4,0.0,100.0,0.0
IT01,images,anguille,True,1,66.45367412140575,11.821086261980831,21.72523961661342
IT01,images,anguille,True,2,59.23566878980891,4.140127388535031,36.624203821656046
IT01,images,anguille,True,3,65.814696485623,0.0,34.185303514377
IT01,images,anguille,True,4,56.86900958466453,2.5559105431309903,40.57507987220447
IT01,text,orso,True,1,87.34793187347933,1.9464720194647203,10.70559610705596
IT01,text,orso,True,2,73.44497607655502,17.464114832535884,9.090909090909092
IT01,text,orso,True,3,97.36842105263158,1.4354066985645932,1.1961722488038278
IT01,text,orso,True,4,60.76555023923444,15.789473684210526,23.444976076555022
IT03,images,delfino,True,1,79.51482479784366,18.328840970350406,2.15633423180593
IT03,images,delfino,True,2,86.32707774798928,9.115281501340483,4.557640750670242
IT03,images,delfino,True,3,39.07103825136612,49.72677595628415,11.202185792349727
IT03,images,delfino,True,4,85.81818181818181,11.272727272727273,2.909090909090909
IT02,images,delfino,True,1,82.93333333333334,14.399999999999999,2.666666666666667
IT02,images,delfino,True,2,93.58288770053476,5.347593582887701,1.06951871657754
IT02,images,delfino,True,3,93.5656836461126,5.093833780160858,1.3404825737265416
IT02,images,delfino,True,4,80.6970509383378,17.426273458445042,1.876675603217158
IT03,text,panda,True,1,81.1881188118812,18.48184818481848,0.33003300330033003
IT03,text,panda,True,2,100.0,0.0,0.0
IT03,text,panda,True,3,95.47038327526133,3.1358885017421603,1.3937282229965158
IT03,text,panda,True,4,75.53191489361703,14.893617021276595,9.574468085106384
IT02,text,panda,True,1,18.333333333333332,4.0,77.66666666666666
IT02,text,panda,True,2,1.7123287671232876,0.3424657534246575,97.94520547945206
IT02,text,panda,True,3,3.6544850498338874,0.6644518272425249,95.68106312292359
IT02,text,panda,True,4,11.295681063122924,0.9966777408637874,87.70764119601328
IT04,images,volpe e boscaiolo,True,1,76.71957671957672,22.75132275132275,0.5291005291005291
IT04,images,volpe e boscaiolo,True,2,97.3404255319149,1.0638297872340425,1.5957446808510638
IT04,images,volpe e boscaiolo,True,3,99.46524064171123,0.0,0.53475935828877
IT04,images,volpe e boscaiolo,True,4,93.08510638297872,4.25531914893617,2.6595744680851063
TI12,images,panda,True,1,8.91089108910891,4.62046204620462,86.46864686468648
TI12,images,panda,True,2,0.0,0.0,100.0
TI12,images,panda,True,3,0.33222591362126247,2.3255813953488373,97.34219269102991
TI12,images,panda,True,4,0.33222591362126247,1.9933554817275747,97.67441860465115
TI27,images,sbadiglio,True,1,0.0,0.0,100.0
TI27,images,sbadiglio,True,2,0.0,0.0,100.0
TI27,images,sbadiglio,True,3,0.0,0.0,100.0
TI27,images,sbadiglio,True,4,0.0,0.0,100.0
IT04,text,tappeto,False,4,100.0,0.0,0.0
IT05,text,tappeto,True,1,45.714285714285715,24.0,30.28571428571429
IT05,text,tappeto,True,2,70.23809523809523,13.095238095238097,16.666666666666664
IT05,text,tappeto,True,3,23.214285714285715,50.0,26.785714285714285
IT05,text,tappeto,True,4,55.952380952380956,18.452380952380953,25.595238095238095
IT06,images,gatta,True,1,73.02631578947368,25.986842105263158,0.9868421052631579
IT06,images,gatta,True,2,100.0,0.0,0.0
IT06,images,gatta,True,3,98.98989898989899,1.0101010101010102,0.0
IT06,images,gatta,True,4,89.56228956228956,9.427609427609427,1.0101010101010102
IT07,images,delfino,True,1,45.53846153846154,0.3076923076923077,54.15384615384615
IT07,images,delfino,True,2,37.704918032786885,0.0,62.295081967213115
IT07,images,delfino,True,3,41.01876675603217,0.2680965147453083,58.71313672922251
IT07,images,delfino,True,4,50.41095890410959,0.273972602739726,49.31506849315068
IT06,text,sbadiglio,True,1,81.02766798418972,15.019762845849801,3.9525691699604746
IT06,text,sbadiglio,True,2,87.79527559055119,9.84251968503937,2.3622047244094486
IT06,text,sbadiglio,True,3,86.16600790513834,12.25296442687747,1.5810276679841897
IT06,text,sbadiglio,True,4,77.07509881422925,20.948616600790515,1.9762845849802373
IT07,text,panda,True,1,52.94117647058824,42.016806722689076,5.042016806722689
IT07,text,panda,True,2,61.29032258064516,36.29032258064516,2.4193548387096775
IT07,text,panda,True,3,99.19028340080972,0.0,0.8097165991902834
IT07,text,panda,True,4,75.0,22.5,2.5
TI17,images,sbadiglio,True,1,73.51778656126481,17.786561264822133,8.695652173913043
TI17,images,sbadiglio,True,2,52.362204724409445,5.511811023622047,42.125984251968504
TI17,images,sbadiglio,True,3,54.87804878048781,21.951219512195124,23.170731707317074
TI17,images,sbadiglio,True,4,53.75494071146245,28.85375494071146,17.391304347826086
IT10,images,volpe e boscaiolo,True,1,53.76344086021505,41.39784946236559,4.838709677419355
IT10,images,volpe e boscaiolo,True,2,47.87234042553192,50.53191489361703,1.5957446808510638
IT10,images,volpe e boscaiolo,True,3,26.373626373626376,70.87912087912088,2.7472527472527473
IT10,images,volpe e boscaiolo,True,4,39.226519337016576,59.11602209944752,1.6574585635359116
IT09,text,tappeto,True,1,0.0,67.27272727272727,32.72727272727273
IT09,text,tappeto,True,2,0.0,74.68354430379746,25.31645569620253
IT09,text,tappeto,True,3,0.0,60.544217687074834,39.455782312925166
IT09,text,tappeto,True,4,0.0,42.168674698795186,57.831325301204814
IT10,text,tappeto,True,1,9.411764705882353,83.52941176470588,7.0588235294117645
IT10,text,tappeto,True,2,36.30952380952381,50.0,13.690476190476192
IT10,text,tappeto,True,3,15.476190476190476,82.14285714285714,2.380952380952381
IT10,text,tappeto,True,4,26.34730538922156,72.45508982035929,1.1976047904191618
IT11,images,volpe e boscaiolo,True,1,68.98395721925134,29.946524064171122,1.06951871657754
IT11,images,volpe e boscaiolo,True,2,99.37888198757764,0.0,0.6211180124223602
IT11,images,volpe e boscaiolo,True,3,96.79144385026738,2.6737967914438503,0.53475935828877
IT11,images,volpe e boscaiolo,True,4,79.7872340425532,18.617021276595743,1.5957446808510638
IT12,images,volpe e boscaiolo,True,1,100.0,0.0,0.0
IT12,images,volpe e boscaiolo,True,2,100.0,0.0,0.0
IT12,images,volpe e boscaiolo,True,3,100.0,0.0,0.0
IT12,images,volpe e boscaiolo,True,4,100.0,0.0,0.0
TI20,images,tappeto,True,1,45.3125,51.5625,3.125
TI20,images,tappeto,True,2,56.81818181818182,28.40909090909091,14.772727272727273
TI20,images,tappeto,True,3,69.51219512195121,10.975609756097562,19.51219512195122
TI20,images,tappeto,True,4,11.627906976744185,59.30232558139535,29.069767441860467
IT12,text,tappeto,True,1,53.65853658536586,39.63414634146341,6.707317073170732
IT12,text,tappeto,True,2,58.82352941176471,18.30065359477124,22.875816993464053
IT12,text,tappeto,True,3,8.98876404494382,41.57303370786517,49.43820224719101
IT12,text,tappeto,True,4,24.46808510638298,11.702127659574469,63.829787234042556
TI22,text,volpe e boscaiolo,True,1,0.0,38.62433862433862,61.37566137566137
TI22,text,volpe e boscaiolo,True,2,0.0,42.02127659574468,57.97872340425532
TI22,text,volpe e boscaiolo,True,3,0.0,35.82887700534759,64.1711229946524
TI22,text,volpe e boscaiolo,True,4,0.0,59.04255319148937,40.95744680851064
IT13,images,anguille,True,1,80.5111821086262,18.53035143769968,0.9584664536741214
IT13,images,anguille,True,2,76.11464968152866,17.51592356687898,6.369426751592357
IT13,images,anguille,True,3,92.33226837060703,5.431309904153355,2.2364217252396164
IT13,images,anguille,True,4,73.13915857605178,20.711974110032365,6.148867313915858
IT14,images,volpe e boscaiolo,False,1,65.3061224489796,34.69387755102041,0.0
IT14,images,volpe e boscaiolo,False,4,100.0,0.0,0.0
IT15,images,volpe e boscaiolo,True,1,64.02116402116403,35.44973544973545,0.5291005291005291
IT15,images,volpe e boscaiolo,True,2,69.14893617021278,29.78723404255319,1.0638297872340425
IT15,images,volpe e boscaiolo,True,3,91.48936170212765,8.51063829787234,0.0
IT15,images,volpe e boscaiolo,True,4,81.81818181818183,17.11229946524064,1.06951871657754
IT15,text,tappeto,True,1,30.18867924528302,55.9748427672956,13.836477987421384
IT15,text,tappeto,True,2,33.92857142857143,51.19047619047619,14.880952380952381
IT15,text,tappeto,True,3,24.2603550295858,65.08875739644971,10.650887573964498
IT15,text,tappeto,True,4,49.404761904761905,44.642857142857146,5.952380952380952
IT16,images,volpe e boscaiolo,True,1,72.4867724867725,26.984126984126984,0.5291005291005291
IT16,images,volpe e boscaiolo,True,2,90.42553191489363,7.446808510638298,2.127659574468085
IT16,images,volpe e boscaiolo,True,3,69.5187165775401,28.87700534759358,1.6042780748663104
IT16,images,volpe e boscaiolo,True,4,83.9572192513369,9.62566844919786,6.417112299465241
IT16,text,tappeto,True,1,51.19047619047619,40.476190476190474,8.333333333333332
IT16,text,tappeto,True,2,37.2093023255814,24.8062015503876,37.98449612403101
IT16,text,tappeto,True,3,12.727272727272727,13.636363636363635,73.63636363636363
IT16,text,tappeto,True,4,52.976190476190474,33.33333333333333,13.690476190476192
IT17,images,volpe e boscaiolo,True,1,66.85393258426966,32.02247191011236,1.1235955056179776
IT17,images,volpe e boscaiolo,True,2,92.93478260869566,4.891304347826087,2.1739130434782608
IT17,images,volpe e boscaiolo,True,3,80.74866310160428,18.71657754010695,0.53475935828877
IT17,images,volpe e boscaiolo,True,4,87.7659574468085,11.170212765957446,1.0638297872340425
IT20,images,volpe e boscaiolo,True,1,46.408839779005525,30.386740331491712,23.204419889502763
IT20,images,volpe e boscaiolo,True,2,44.19889502762431,9.94475138121547,45.85635359116022
IT20,images,volpe e boscaiolo,True,3,31.060606060606062,33.33333333333333,35.60606060606061
IT20,images,volpe e boscaiolo,True,4,70.06802721088435,6.802721088435375,23.12925170068027
IT20,text,tappeto,True,1,0.0,0.0,100.0
IT20,text,tappeto,True,2,0.0,0.0,100.0
IT20,text,tappeto,True,3,0.0,0.0,100.0
IT20,text,tappeto,True,4,0.0,0.0,100.0
IT18,text,tappeto,False,1,26.190476190476193,61.904761904761905,11.904761904761903
IT18,text,tappeto,False,2,38.59649122807017,0.0,61.40350877192983
IT18,text,tappeto,False,3,40.77669902912621,18.446601941747574,40.77669902912621
IT18,text,tappeto,False,4,43.39622641509434,50.943396226415096,5.660377358490567
IT21,images,volpe e boscaiolo,True,1,80.21390374331551,17.11229946524064,2.6737967914438503
IT21,images,volpe e boscaiolo,True,2,96.27659574468085,0.0,3.723404255319149
IT21,images,volpe e boscaiolo,True,3,70.58823529411765,26.203208556149733,3.2085561497326207
IT21,images,volpe e boscaiolo,True,4,85.63829787234043,7.9787234042553195,6.382978723404255
IT21,text,tappeto,True,1,76.47058823529412,23.52941176470588,0.0
IT21,text,tappeto,True,2,98.21428571428571,1.1904761904761905,0.5952380952380952
IT21,text,tappeto,True,3,100.0,0.0,0.0
IT21,text,tappeto,True,4,100.0,0.0,0.0
